player_id,session_id,level,card_count,shuffle_moves,memorize_time,accuracy,mistakes,reaction_time,completion_time,best_streak,target
0.0,0,7,6,4,2.736661337976251,0.5634060374117705,5,2.684664550656908,34.84526757842917,5,1
0.0,1,8,4,8,6.799131535683891,0.541506418327662,1,2.475817343474083,24.954061782821356,5,1
0.0,2,2,6,12,6.935503255470044,0.6569489496819091,1,2.3895472579365764,29.251770433564,3,1
0.0,3,6,4,9,3.5043839633695866,0.4408091589123255,5,2.0614316492408813,27.34246554278041,3,0
0.0,4,5,4,9,4.623160378143461,0.5990862613475787,4,2.4576780869784844,24.28219832712378,5,1
0.0,5,9,3,3,2.639589518802631,0.5696625179159515,1,2.8063521558016555,29.90639419515206,6,1
0.0,6,3,6,13,6.844581510900567,0.5847237054191335,3,2.8074086222188326,32.54869369146296,6,1
0.0,7,10,2,8,5.334839488623078,0.6215366287442698,2,2.250350682043579,31.93102534652071,4,1
0.0,8,3,3,12,6.973492844904064,0.6301044962775693,1,2.1493788024972087,28.595679157474194,3,0
0.0,9,1,5,14,5.969931050483249,0.5758168187381263,4,2.3806462922994505,28.964384766387315,0,0
1.0,0,2,4,12,7.987604663200025,0.6478260187797024,6,2.2375965976878174,33.16721954498314,2,0
1.0,1,2,5,3,3.4016465062994596,0.5571166194878061,0,1.9992313540225926,24.952366344480165,4,1
1.0,2,6,8,9,4.804409067499218,0.42039164907522797,6,2.8283868058539205,31.596175916357183,2,0
1.0,3,5,8,8,7.302715309780554,0.4781433317070141,5,2.7124166840728234,30.666470285373435,2,0
1.0,4,9,5,6,2.5489210243865292,0.4720368586154478,6,2.821913412818404,32.03354119872515,3,0
1.0,5,6,6,13,2.656813160326723,0.4344776231189341,4,2.7894996594425665,35.828679175345584,6,1
1.0,6,9,6,12,3.4321401878061053,0.4062337630595344,4,2.952654668194839,32.546530118329905,1,0
1.0,7,2,8,14,5.044806402565017,0.5287165766282176,0,2.84604645575334,27.81298593964668,6,1
1.0,8,7,3,10,7.777952023153968,0.617886556338484,4,2.186201290502155,32.90211316238327,2,0
1.0,9,10,4,3,7.229220836914258,0.48836481241957613,5,2.8484513976521395,30.244547775714913,5,0
2.0,0,7,6,14,3.790246585939956,0.5313639884288419,1,2.7589537934014157,27.438138191827,4,1
2.0,1,8,5,3,7.186149499037822,0.558275771134353,4,2.4884360557269267,30.960233480984375,3,0
2.0,2,10,4,5,6.779223745857058,0.5173820830312,2,2.4251851271972362,30.25483181708149,2,0
2.0,3,8,4,14,2.897483856005395,0.4509052850382223,8,2.782447197354653,34.905085647049106,1,0
2.0,4,6,8,13,6.214789823264624,0.49758231852944684,2,2.647215360184289,32.15149431469948,1,0
2.0,5,2,8,8,3.205154539173765,0.549906206728249,2,2.555933199858714,31.403854728186662,5,1
2.0,6,8,3,13,6.810368498418751,0.6205791480425957,2,2.3308906298823016,29.816436827651554,4,1
2.0,7,7,5,14,4.875673571457724,0.59647732148834,5,2.6676665300429447,26.024695125185815,2,0
2.0,8,6,2,8,4.775737740435898,0.6343562373909638,3,2.4086560521895772,29.09964156371914,9,1
2.0,9,2,6,2,2.789406110763559,0.6624646950715829,3,2.2887985117183676,32.12812893666266,6,1
3.0,0,9,2,13,3.5488005962067652,0.38020192542740977,4,3.0923847887438582,26.35837495045525,3,0
3.0,1,1,2,7,3.005715297729906,0.5660806965545108,0,2.65785465248089,31.664093003352466,6,1
3.0,2,2,8,3,2.73782485117776,0.4060385552810166,1,2.907316179910024,32.23224769910456,4,1
3.0,3,9,3,14,7.207509767120133,0.4042389498602182,4,2.6587048928814334,34.40389004270372,2,0
3.0,4,8,6,7,7.208853526265032,0.4735658934698127,7,2.672436279302636,33.18215560243346,3,1
3.0,5,5,2,11,4.091442003451823,0.5222918385278215,2,2.6051084983337907,30.909802568795516,1,0
3.0,6,2,6,7,3.962198969379432,0.5402449324199013,4,2.8269080289400454,30.28336375318878,3,1
3.0,7,9,2,2,5.27412133097284,0.5083707022477642,1,2.407702370350631,30.894839318301255,8,1
3.0,8,5,3,6,3.4764179527879895,0.38299256652206154,7,2.551727255772174,30.50837606245576,3,0
3.0,9,4,6,5,6.02057620766565,0.5087427331699387,3,2.563231235938811,35.39970035803934,5,1
4.0,0,7,2,11,3.111370679284458,0.6711483404991295,0,2.2192167478228666,27.139958335749622,2,1
4.0,1,6,8,6,7.305238780090447,0.7054378522266755,1,1.8840918995042888,35.081551932728146,8,1
4.0,2,2,4,5,2.898223807741746,0.66971052553542,2,1.8437070483954747,22.511774279647888,6,0
4.0,3,9,3,4,5.58228150137415,0.6981226491222275,2,2.225401259762642,26.42659326316002,8,1
4.0,4,6,2,8,2.41654305647656,0.6603288004096185,2,1.9983003618440005,28.662908072077094,9,1
4.0,5,10,5,6,3.0518176541459576,0.6655220937310359,2,2.224569716928239,28.148623470444843,7,1
4.0,6,5,5,9,6.611598828731051,0.7243620699435662,0,1.8036839025417275,30.64904766923638,5,1
4.0,7,7,3,14,4.160818444829115,0.6215991762236588,0,2.1542996922488933,31.610207288029603,9,1
4.0,8,1,3,7,6.904698250947149,0.8155423320498192,3,1.6890702069322217,24.089344456902648,10,1
4.0,9,6,8,14,3.9051886872604222,0.5503878017474277,3,2.5592733410201327,22.22380154380659,3,0
5.0,0,4,3,14,2.6339881055704635,0.38561776684776,3,2.976205732319874,31.229215227084214,0,0
5.0,1,2,6,9,3.784130289421033,0.5265824522471657,2,2.6940165102036127,34.17819823105095,3,1
5.0,2,8,2,6,5.6913166293860655,0.5242897625327547,2,2.4539505008448015,30.167897749984288,2,1
5.0,3,7,6,14,6.615829361848039,0.4442643091482436,0,2.916826477909044,26.295274110112047,0,1
5.0,4,5,3,8,2.8226582343739945,0.39089507327138207,0,2.828646892378385,28.084161667022272,3,1
5.0,5,10,8,5,7.187962352842506,0.376878510129757,7,3.1465455503993733,32.577942691418244,2,0
5.0,6,1,3,3,2.2305580937739498,0.5218711949202793,5,2.7655670821833542,24.859138112829193,3,0
5.0,7,9,4,2,2.43250601599204,0.4361020476213006,1,2.6318280754302084,29.517618562036823,3,1
5.0,8,10,6,6,5.961816318208029,0.35725158393798423,1,3.2027623691335614,35.823735457421385,1,1
5.0,9,1,5,5,6.647802683826728,0.5808761064755273,2,2.910032896326091,34.30097321479727,4,1
6.0,0,8,3,8,2.570070193953828,0.655487467824197,1,1.8598896512699712,30.849867748228412,2,1
6.0,1,5,4,11,6.895681633811703,0.6347324143293239,5,2.279160999022827,30.799051421372994,6,0
6.0,2,2,3,14,6.11178809669524,0.6109149178686942,2,2.0781558323190623,29.388669899888903,2,0
6.0,3,9,6,9,4.76934484651874,0.6375681802875902,0,2.61149948954829,29.12481097717314,4,1
6.0,4,10,6,8,5.689869442046794,0.5166593497743817,5,2.742446210169842,34.377035909509374,5,0
6.0,5,4,5,11,7.317174682790447,0.680895262583634,3,2.4212921332885564,26.963129728225436,4,0
6.0,6,10,5,5,2.3168237628111683,0.698810704847715,1,2.3527183767728173,34.85929535847523,5,1
6.0,7,3,6,5,2.7342605439510677,0.5630680268413907,2,2.3662179715248155,31.623965092147273,4,0
6.0,8,6,8,13,4.302997711598264,0.6391830745211116,2,2.825950102599417,31.215279823608256,4,1
6.0,9,3,6,14,4.7703968816742925,0.6440513492071296,5,2.2549392442073626,27.206716126811777,2,0
7.0,0,8,5,11,3.693122448159201,0.39487746725590933,4,2.715961312299214,31.872377873947556,0,0
7.0,1,10,4,10,4.075522685010165,0.43956428790185903,2,3.0336272908890387,30.713412878164633,1,0
7.0,2,7,6,11,6.967210251933037,0.482573490881015,4,3.0750417812368176,28.926954814552715,3,1
7.0,3,5,5,11,2.5330414705253865,0.40899018129104286,5,2.847300898468016,36.714857533681496,3,0
7.0,4,5,3,7,7.099852228883972,0.5195059164937161,3,2.929687820900879,33.22164848743087,2,0
7.0,5,7,6,5,5.269086554507094,0.47515701786019804,2,2.8379030425791374,29.50166482767891,1,0
7.0,6,9,3,13,6.632074857859942,0.5130106273064231,3,2.762643514486359,30.882458816738463,4,1
7.0,7,9,5,6,5.807494505301823,0.5229077820119069,4,2.9862787045470327,34.27502743899771,5,1
7.0,8,1,6,13,6.92226504469384,0.5589969342278058,4,2.5155983701655407,30.42140589112929,2,0
7.0,9,6,3,12,2.9734004346948764,0.49616790229330326,0,2.974008338723084,39.409224712926104,3,1
8.0,0,9,5,7,5.244762529913267,0.4293242117199508,5,2.9691711179951823,29.34451451946226,3,0
8.0,1,4,3,10,6.438027804360582,0.5313683972860825,2,2.793846209810349,30.584801788671722,3,0
8.0,2,2,3,4,6.117963180116584,0.5834033820250586,4,2.421401326668432,24.033339559660575,2,0
8.0,3,4,5,2,6.596388659211815,0.5304674712645453,5,2.4242570685836413,25.78868845346984,5,0
8.0,4,4,2,10,4.528664249475485,0.5788015774078271,9,2.328523658494703,24.509999529708043,1,0
8.0,5,1,8,10,2.0744242176638887,0.46979980966660434,3,2.940050137016767,29.61097520240471,1,0
8.0,6,8,3,10,3.9824480232546433,0.5264503654791449,3,3.1271748586131425,32.595125684135446,2,0
8.0,7,1,6,14,5.1514385451209606,0.5847177331215557,0,2.516212665416442,31.548064018394317,3,1
8.0,8,4,6,7,5.642537472312524,0.5805392656693686,3,2.9546617306198897,29.86703322325067,6,1
8.0,9,9,3,2,2.2385957899314173,0.39374400734115095,4,3.0831227727800026,29.355574091868025,5,0
9.0,0,1,8,9,2.220328175004927,0.57374893001185,4,2.2151365456327072,28.186099456196782,5,1
9.0,1,3,4,14,7.576560166838684,0.6315597457064025,1,2.302888210792907,29.336930843486606,8,1
9.0,2,7,2,5,6.119539480955641,0.6489130923310198,2,1.936597127283875,31.953596725678803,2,0
9.0,3,7,3,14,6.072019740035389,0.580168403932954,2,2.4540476511889495,30.55866455310736,5,0
9.0,4,8,3,2,6.169294242055755,0.5282332941744178,0,2.4658098600727647,30.27641991989996,5,1
9.0,5,2,5,4,2.4656878683886454,0.6397973491811152,3,1.9727512427851648,21.467493904093054,4,0
9.0,6,9,8,5,4.357845352071747,0.6077574820421767,2,3.1589047203065013,33.40533755382555,1,0
9.0,7,1,2,7,7.0828369381627105,0.6165319311823498,3,1.9147516706286656,26.073035057746797,4,0
9.0,8,3,3,7,6.537281683701061,0.592246153509586,1,1.9749389159825026,26.247859024909886,10,1
9.0,9,1,6,3,3.0100217355147816,0.6644658691082429,2,2.255365033503157,30.33525260590755,6,1
10.0,0,8,6,4,2.9031289499804815,0.5924769097453908,3,2.377858828378134,29.96498908947618,6,0
10.0,1,2,4,7,5.2003197725921755,0.7852759910546105,1,1.8678565911654221,27.316175896767252,10,1
10.0,2,6,4,2,5.376270194134035,0.7998777604074189,4,1.7687863230511964,33.55738877726144,5,1
10.0,3,1,2,2,7.35854123117249,0.733466761150374,0,1.6435983570359896,26.117011625183046,8,1
10.0,4,5,5,3,4.0004439329546635,0.6878343455724157,4,2.408887965395104,31.64732514266317,1,0
10.0,5,8,6,13,5.951243094020329,0.524597046856001,3,2.176265164310911,31.40503097146542,3,0
10.0,6,3,8,13,5.462243986771465,0.5794453503455628,3,2.3435479193689592,33.62108792861732,4,0
10.0,7,7,4,7,3.9289742074872915,0.714214696921879,2,2.16080100620091,29.915508483919222,6,1
10.0,8,8,8,5,5.82254502248543,0.47626462825330174,1,2.6803408628028995,32.7971242078251,4,0
10.0,9,2,3,9,5.77734618135042,0.6361291940852533,0,1.7422421242592843,29.42036505436906,0,0
11.0,0,10,6,11,6.290232313104103,0.4035768294579761,4,3.195549296924417,35.690848270833435,4,1
11.0,1,6,5,4,2.5357371471534376,0.37201919837402075,5,3.0341603283843352,29.886635627166996,5,1
11.0,2,5,5,4,5.806038438267226,0.3353680906233403,4,2.8140954797588464,31.62582679916217,5,0
11.0,3,4,6,8,5.646512733516335,0.3657979974605331,3,3.1192543285752596,27.911078321126553,2,0
11.0,4,4,6,13,2.2580417112016367,0.4366368368251229,4,3.163899106351452,34.499661357919436,0,0
11.0,5,3,8,2,7.436395314118192,0.45584034918393,3,3.1193220871569323,29.523553928346722,2,0
11.0,6,10,5,12,5.452132419509336,0.3548876672406815,3,2.9977691845429457,38.64777310270659,0,0
11.0,7,9,8,13,2.0081217542928087,0.2605995160494671,4,3.385751271348179,38.33484900843768,1,0
11.0,8,6,4,5,7.3967312752766095,0.48281703948292615,2,2.8138255582646403,33.05969933828809,4,1
11.0,9,6,2,2,3.3522876080405952,0.5739364568487773,1,2.9781679657655262,31.41051595052098,3,1
12.0,0,1,2,5,4.024040846102141,0.6835091411199329,0,2.4428652838048373,29.23846618487489,4,1
12.0,1,6,4,3,3.451359764677335,0.6466044627034763,2,2.5280529905472893,27.365574058187505,3,1
12.0,2,6,6,9,3.2551127924475667,0.5095319392725023,7,2.6828735329686513,37.85910721717042,3,0
12.0,3,3,6,12,4.13024633871175,0.4860785239551536,7,2.437290125204839,26.153096618323183,10,1
12.0,4,10,5,9,7.088252537608904,0.5059595324770816,1,2.6235928806787867,38.15102316148278,2,0
12.0,5,2,4,2,2.2694677939736954,0.6174662466143174,3,1.8530319012080463,30.573432072641403,6,1
12.0,6,4,5,8,5.03574744640959,0.5633069262243888,5,2.521862290691702,26.83277270591366,8,1
12.0,7,9,4,8,2.1968577447716506,0.4613253469167794,4,2.445382019335653,35.56145677918369,3,0
12.0,8,4,6,6,4.350943779701,0.6566469888733012,1,2.907388408448841,34.07848526396117,2,1
12.0,9,4,4,4,2.311405661523854,0.5575454646479321,1,2.491784355139349,32.85258904078051,7,1
13.0,0,6,5,8,3.322930608134638,0.5433657036205205,2,2.880052122553358,31.606993976799664,5,1
13.0,1,5,6,7,6.684391119205406,0.46512539228984934,4,2.4362443564969625,30.92920625484128,3,0
13.0,2,9,6,10,4.072051713469327,0.5014179786212282,5,2.8976972992502508,35.48939523703779,1,0
13.0,3,4,4,9,6.785284163223197,0.6274952772455504,2,2.390646353489522,37.64725218980444,6,1
13.0,4,3,4,13,3.3603642939797798,0.5637556694241247,5,2.530908259065029,31.468802630285875,5,1
13.0,5,5,4,6,4.11775102071414,0.5618749181748215,4,2.287150854221518,32.27336829905657,3,0
13.0,6,7,5,2,5.850406383791349,0.6206291437426615,3,2.739096864444168,26.855092934680545,3,0
13.0,7,1,3,7,5.286708166299917,0.5834940543171654,3,2.2403323836398163,22.560741104590107,6,0
13.0,8,10,4,8,2.4618768023897974,0.4710004733402275,4,2.622807911981907,36.16287784980508,3,0
13.0,9,4,2,4,2.6354348264225456,0.6624489057961656,4,2.621097298131308,29.906002037505136,2,0
14.0,0,4,2,10,4.701525476857342,0.49072822618265005,4,2.7838969324664213,29.724473691321908,3,0
14.0,1,4,6,12,6.340686907100006,0.42767265203094956,0,3.239435529665914,36.50347822776033,3,1
14.0,2,1,6,8,2.300111460926673,0.4113849872161795,4,2.432943119316508,30.533666097341307,3,0
14.0,3,6,2,8,6.427504360124153,0.5405062469839466,2,2.7163317393474378,32.109100687360616,4,1
14.0,4,8,4,6,4.468036798994863,0.457233229381105,5,3.0535269536996705,36.670402048571724,2,0
14.0,5,7,6,12,4.946574376298991,0.39576256440456564,5,2.973093694701491,33.26192963548915,0,0
14.0,6,10,5,6,6.480659837202308,0.45806608328518816,2,3.0631621107270606,32.851126142424036,2,1
14.0,7,10,5,9,6.735757089918113,0.4442832878152762,5,2.950169743596384,31.13753319999034,2,1
14.0,8,6,6,11,7.306259282137828,0.4009006734157296,1,2.508978178433521,31.685861790218002,3,1
14.0,9,1,6,3,5.191334474045085,0.41053901636254353,4,2.7779008001513854,30.578442718757305,3,0
15.0,0,10,5,12,3.4721138849972664,0.4977929961401626,3,2.5353666800758363,27.001623568876678,4,1
15.0,1,2,3,4,5.2801115305957325,0.7395623579378143,1,2.118902281944332,27.161207466478082,11,1
15.0,2,9,4,14,4.448714340955538,0.514857632697268,7,2.6482918821400627,31.133991828701383,5,1
15.0,3,9,3,4,3.6852917911174625,0.5512809744264542,1,2.1125236700731116,29.5938930253666,9,1
15.0,4,3,4,4,4.103123205716971,0.6041668997316417,3,2.1703492054380775,29.648789860318452,1,0
15.0,5,2,6,9,5.290514977961376,0.5428338108680826,0,2.420994043016796,33.59023691679649,8,1
15.0,6,9,5,7,6.499866790712424,0.5686649122753958,5,2.5320892809954265,36.40430880221929,3,0
15.0,7,2,8,13,6.346066437977238,0.5464511894093922,3,2.111139967443962,24.817157540667118,6,1
15.0,8,5,3,14,5.928254452137795,0.625708708718197,5,2.4513673862983225,28.856470301002435,8,1
15.0,9,8,6,8,7.976946040992673,0.4846527715198209,4,2.7013730206618254,28.533439856467062,4,0
16.0,0,1,4,5,7.350265191216476,0.5288736915983787,0,2.7415796628391544,27.22021765383093,0,1
16.0,1,8,3,2,6.57381574700576,0.4679849712434249,1,2.9049565580749035,36.101199775297886,8,1
16.0,2,4,4,8,7.569092588683709,0.48928161818625937,7,2.7848768485206383,29.61895098816602,4,0
16.0,3,5,2,12,6.182814835350856,0.45931196995467133,2,2.9451467208405875,35.19981429703741,3,0
16.0,4,2,5,3,6.67461551837472,0.600464516040271,6,2.7642014981520484,23.86101768958143,4,1
16.0,5,8,6,9,3.3847679235591905,0.4217942781020185,8,3.081494469099758,34.88684167632966,0,0
16.0,6,3,5,6,7.384195194745591,0.5173458081710903,2,2.676396013707653,28.1263443031694,5,1
16.0,7,2,5,11,3.376194662226034,0.45395394563131836,2,2.7443848216058733,30.628391046990902,6,1
16.0,8,8,6,9,2.778073869345412,0.35237313712290463,2,2.7863551570947838,33.33914136064339,2,1
16.0,9,7,8,3,6.975885404754557,0.4428993410921203,5,2.9474153785307364,32.65610403262132,4,1
17.0,0,2,2,7,6.350036457794713,0.7268993827872848,6,2.370470818892254,22.94645625751326,8,1
17.0,1,4,4,10,5.0831044074595875,0.536363074103432,7,2.2854924228664677,32.55423127227221,4,0
17.0,2,6,3,7,5.623105895241667,0.6512360387515238,5,2.8275029443992263,30.719079374710773,2,0
17.0,3,5,3,5,3.498013716441381,0.660493262676095,1,2.4595479390952537,30.03356904192644,4,1
17.0,4,1,3,9,7.524437902055812,0.5960229090135328,4,2.083137856827281,18.532971840075188,6,1
17.0,5,5,2,9,3.3604471064416677,0.5498325083541555,3,2.1297875637784234,31.529101514209785,8,1
17.0,6,9,2,9,3.686298501001335,0.5141476966942722,3,2.32556070268838,28.60584424765105,4,1
17.0,7,5,6,4,5.148413825968593,0.5865319745881469,3,2.523027472574363,30.969214328930452,8,1
17.0,8,10,2,12,4.038621453793063,0.6099029425243059,4,2.530835900193078,30.464122229858535,6,1
17.0,9,6,5,12,2.5541631686682713,0.45806687417444475,2,2.6635079686164707,33.790512181612534,4,1
18.0,0,8,3,4,7.426158649963144,0.5594710825195335,1,2.704373752406066,31.528812623089422,7,1
18.0,1,9,3,4,4.052645725181565,0.4426571961377739,3,2.3123544091013466,31.831447123415433,4,1
18.0,2,9,3,6,4.130789886522876,0.491861742940132,4,2.655406629470296,33.39343926179059,1,0
18.0,3,5,3,14,2.453966623424665,0.48791855538026785,2,2.7929387292009302,31.001702439168074,6,1
18.0,4,8,6,14,6.9124413769043045,0.431892616066667,1,2.98376077811422,34.12420887421844,2,1
18.0,5,1,2,11,4.155252481896142,0.5507656008109534,4,2.3289465519157715,31.251303450973143,2,0
18.0,6,6,4,9,6.850434433362146,0.48917142952174536,3,2.868804970128137,31.11191864384055,1,0
18.0,7,5,3,5,3.4986329746791185,0.5546866655358564,5,2.576124462949253,24.746876792076854,3,0
18.0,8,4,5,4,4.4192465367995135,0.5429739421519506,3,2.678750007266603,26.772808003717145,3,1
18.0,9,4,4,13,7.443493666138435,0.4266207578589807,1,2.9869141789288625,30.75690272136041,2,0
19.0,0,9,6,3,7.317090632776071,0.5670016655788771,5,2.9625275116784575,30.693238423815842,6,1
19.0,1,2,3,10,3.850809688936904,0.5762059131526769,2,2.758653984288774,26.768713515868814,6,1
19.0,2,10,4,10,5.621172839006726,0.5389282273971859,2,2.975342070276216,28.724080884866407,3,1
19.0,3,8,2,11,7.387787881086731,0.561981313797173,1,2.7667866884659786,35.06036637482223,2,1
19.0,4,5,8,14,3.8276141346451427,0.3903785617249729,1,2.6985275148117784,33.80815225753207,5,1
19.0,5,10,5,13,4.386106486598328,0.43610137150130773,6,2.7600393839191337,34.41690572917913,3,1
19.0,6,8,5,6,2.5255477844356786,0.48593845196046337,2,2.643161771082462,34.95491410218845,5,1
19.0,7,5,6,12,7.464816025818879,0.5179316464884937,4,2.750573706282366,30.383783243799257,5,1
19.0,8,4,5,5,2.7326690955457273,0.5421281881565346,4,2.4190919164781426,30.75780896416095,2,0
19.0,9,2,6,11,4.667169518300958,0.49856865997305605,2,2.8604350907547262,28.676075619992684,7,1
20.0,0,7,6,12,3.6736284564408606,0.4744509573132105,3,3.3401255923167747,37.1439361574346,3,1
20.0,1,8,3,12,7.782938965270842,0.5409440574377301,1,2.7770440615612335,30.77148009632805,4,1
20.0,2,6,2,5,6.208299713358141,0.5860804778816217,1,2.192320471289038,28.661222929486538,9,1
20.0,3,5,5,5,5.3835174005337425,0.511689909092647,1,2.618557445869306,27.78171825273973,3,1
20.0,4,4,6,5,6.361032986289425,0.4488671055838451,5,2.7486378452525964,29.437004336715276,2,0
20.0,5,1,6,8,5.33947057101292,0.5664506749973159,2,2.384749726356236,30.505197730923427,4,1
20.0,6,3,2,13,3.5268879897095617,0.5455347472877363,4,2.4594797504644283,22.971435885718495,3,0
20.0,7,4,5,8,2.486231662790341,0.5481811805632456,3,2.263943975581974,29.95614067489687,5,1
20.0,8,1,4,13,2.769955173132587,0.6163019650597905,6,2.7101780723199855,36.312115022819654,2,0
20.0,9,10,3,4,4.8709464206431345,0.4555617808938818,2,2.885927585126566,37.89202604543365,3,0
21.0,0,3,8,5,3.846625431758895,0.6297942002444549,5,2.4175563997138014,32.09910195651012,3,0
21.0,1,8,2,14,6.599163897329763,0.557404371469172,3,2.2599814770798723,34.41297968294245,4,0
21.0,2,9,3,10,2.372220581772689,0.5724600006022718,3,2.0107178127182457,27.676314062972086,4,1
21.0,3,6,5,11,2.368677740784725,0.4803490152001286,5,2.73972985517928,36.72139762753085,3,0
21.0,4,2,5,2,5.719811389244985,0.6211250249920013,0,2.224030152536108,24.449371284511933,4,1
21.0,5,9,3,13,3.7779548113988004,0.5506898270256623,1,2.8473440467925824,27.182984693309987,5,1
21.0,6,2,5,13,6.971917436709735,0.5922551715508766,4,2.413701144102105,29.913072700638413,6,0
21.0,7,9,8,6,2.0774433678859516,0.382088536055865,3,2.5974998880801774,32.906623253878585,5,0
21.0,8,2,5,2,5.021281889071317,0.6632691167369922,1,2.2485897815232483,28.640794897614082,2,0
21.0,9,1,2,11,3.1090303876821497,0.6486222913576148,0,2.375466369927302,28.535507626515404,4,1
22.0,0,3,4,11,3.213763694949222,0.4386043213116253,5,2.7624880374840095,29.037981329135256,1,0
22.0,1,3,2,13,3.548623574962811,0.48947857494157293,5,2.3168591022278258,28.52113512793,8,1
22.0,2,7,4,7,6.105885493552068,0.5100531240654909,1,2.3834568519250294,34.86836016779766,3,1
22.0,3,1,5,10,2.5905451346082122,0.541097895338754,5,2.892330909425216,34.0730943081781,3,1
22.0,4,2,2,8,6.6945548732767275,0.5457449581689564,2,2.5325807596255068,26.087255779369634,6,1
22.0,5,10,4,3,5.913650665394301,0.5009625591607285,4,3.109309974545505,33.910939987382385,1,0
22.0,6,7,8,6,4.60431305648574,0.3825027276333816,6,2.8320999202809762,36.48484277440054,1,0
22.0,7,2,4,9,3.527243257529967,0.42633192042062423,1,2.5061133672173446,33.962098760329205,3,1
22.0,8,1,5,6,7.471757505197799,0.5306405610756404,2,2.520483498021753,28.174227343767875,2,0
22.0,9,3,6,4,2.36541159859696,0.47798479365926344,1,2.6238571530816746,30.3866485065714,2,1
23.0,0,1,5,12,5.528561825632682,0.6434132181103028,3,2.0591238153551714,26.11211304658175,5,1
23.0,1,6,2,12,2.52672942234896,0.5418784678919984,2,2.300753172821844,25.380946848653846,1,0
23.0,2,8,2,14,6.79193468213982,0.6790106161014973,7,2.1566985433848855,31.179061252897597,2,0
23.0,3,4,6,13,4.139427955704915,0.5204644567730251,1,2.964675615549738,31.950162529823206,4,1
23.0,4,10,4,6,6.595151863308452,0.498955434147619,4,2.4491839818507763,28.776791938873195,4,0
23.0,5,8,2,5,6.770348105636787,0.5167155441453752,2,2.556617983089976,32.51340268799979,3,0
23.0,6,3,3,13,5.599807149566396,0.7438971365247056,5,2.1533373939430067,27.42376680185171,2,1
23.0,7,3,8,3,2.3821086050151004,0.5909998345835117,1,2.344432226063362,30.5706926574506,8,1
23.0,8,8,8,5,5.7498784902562114,0.4369780485752083,3,2.848294618260516,34.115341764737856,4,0
23.0,9,1,4,6,7.887449584732773,0.6271784548570517,6,1.9967472643312998,25.15368643064066,4,0
24.0,0,2,5,8,3.6233555389279486,0.5733370243977973,2,2.4448872145398837,31.32540533477348,3,1
24.0,1,6,6,8,5.033124750340942,0.4774222555649031,3,2.798565633270637,30.427609675018182,4,1
24.0,2,2,3,2,2.8241704758120454,0.5870074814704773,3,2.516219788184291,25.374657767848404,4,0
24.0,3,2,6,7,6.397155123990986,0.6634752184342855,4,2.548113274878956,29.577195957322697,5,1
24.0,4,2,3,11,3.6470400410424695,0.5051165781654355,7,2.5751653313450955,27.689701639321246,6,1
24.0,5,2,4,14,6.238231980859976,0.5300562754098517,1,2.291254791331514,28.31010950957846,3,1
24.0,6,1,8,2,2.822125460217924,0.4438571335346097,1,2.6662964894852332,28.744268243570534,7,1
24.0,7,10,2,7,3.922407716841289,0.4297177090725197,2,2.5203480756926786,32.359244352932436,2,0
24.0,8,4,6,14,2.7119636868472328,0.448600215524096,3,2.5736686827458066,32.099744176992324,2,1
24.0,9,7,5,6,3.705105774270373,0.46883095226297644,3,2.8346017225527658,29.27602077650238,2,0
25.0,0,6,8,10,5.873206138463134,0.4621747306947801,2,2.590002821850695,32.25502051362316,1,1
25.0,1,9,6,14,5.022131655969433,0.4226911667218866,7,3.2258849671363756,27.034377773502506,8,1
25.0,2,10,3,5,5.311618166362799,0.4864908336326025,8,2.3401212377137464,24.475170289221058,3,0
25.0,3,6,3,2,7.121927293646672,0.4611766710097513,2,2.453510500797752,23.949892616939422,4,0
25.0,4,8,2,5,7.556357358909593,0.5923947615371364,4,2.306828676965825,25.6004808447983,6,1
25.0,5,5,4,11,7.515248186322351,0.45801744488947427,4,2.7018457930961453,29.30779265882437,6,0
25.0,6,4,5,6,5.60830442413138,0.5658709635304208,0,2.137784019586025,28.734677997721207,0,1
25.0,7,6,3,9,6.493778905162391,0.6204357075534359,2,2.5960813790691715,34.61136663100658,4,1
25.0,8,4,5,14,4.374666077962584,0.5537987048860981,6,2.7882174688827317,29.87117802808915,0,0
25.0,9,7,6,8,4.32617092903404,0.4682948897154872,5,2.712638016735594,35.85909509432196,4,1
26.0,0,2,5,5,6.894472283756725,0.5484443158161405,4,2.52434122174723,29.12114358633719,4,0
26.0,1,3,6,7,3.270475172314517,0.5932049445315873,0,2.551301873659086,24.403596873032463,8,1
26.0,2,10,2,2,6.751347942774375,0.6018225232012818,0,2.5831323187001214,30.221182623570265,4,1
26.0,3,10,3,7,3.1521402148180675,0.5005387912765168,5,2.2399757909312132,31.518832684367244,2,0
26.0,4,6,3,6,6.830701107897067,0.6019805177120154,4,2.451993967417336,28.628583871097813,3,0
26.0,5,6,6,10,3.419658696245044,0.5020636008207446,2,2.4349028449575916,30.112092910359443,2,0
26.0,6,10,2,12,6.751613737782584,0.48695429355069886,4,2.093501679289423,29.90438224426646,7,1
26.0,7,7,5,2,7.797645786489115,0.5560324823435454,5,2.1046800322440116,20.387000351387783,4,0
26.0,8,8,3,10,5.283948106036917,0.5112642544321145,1,2.311572402192316,31.432378591673885,4,1
26.0,9,7,3,11,5.453991517984518,0.5825894820061809,2,2.6190404384103068,29.3398531828231,5,1
27.0,0,7,5,4,3.80579791778973,0.5067348568897876,3,2.6054501655357756,30.544545626355863,2,1
27.0,1,7,4,14,7.91482195670183,0.3733730035262074,3,2.4589876932342154,29.12386021741457,0,0
27.0,2,9,5,6,7.479378117675623,0.5288868565044552,5,2.6902679052499576,31.560259240958228,4,1
27.0,3,9,8,6,4.394756602669797,0.4168066746921666,4,2.793473569298358,29.6090718938269,2,1
27.0,4,5,3,12,7.686117062385677,0.4840787436157203,5,2.3912157123945152,29.494301967639984,2,0
27.0,5,8,4,11,6.04422720454974,0.44894208937615054,0,3.0124301907943787,30.393130166376988,1,1
27.0,6,4,3,2,6.150320684808133,0.5508886879323193,5,2.4683437600049745,31.926074789485188,6,1
27.0,7,9,3,8,4.561149972770537,0.49248677713275535,1,2.8854302041229625,32.94659981485962,1,1
27.0,8,4,5,6,4.410181356558659,0.5664939714921838,4,2.6588138186618937,33.93879936065727,0,0
27.0,9,10,2,14,2.3148902605983652,0.41401354629595294,4,3.1461660525549875,35.39534405236852,0,0
28.0,0,1,6,11,2.8066005642173,0.6256384211034284,1,2.500158289538922,32.150188010313876,6,1
28.0,1,5,5,9,7.585991718275504,0.53537276014797,1,2.5329502792060046,31.902034982551314,7,1
28.0,2,8,4,10,4.637377650637392,0.39674734297815817,1,2.7479610497557383,31.60632984616408,2,0
28.0,3,2,4,4,6.078228671461003,0.6039496422476098,4,2.7744300575428906,28.828802363897527,6,1
28.0,4,4,8,10,7.119903119999517,0.604609326300885,5,2.735207546172543,36.07205255068146,2,1
28.0,5,9,5,9,4.015060922235896,0.42626175512529363,4,2.656219868732056,35.49401895887156,1,0
28.0,6,7,5,7,4.673106886958967,0.495006792963993,5,2.7951585578313707,29.41020602046539,3,0
28.0,7,3,4,3,3.485789858428632,0.5477145927376917,4,2.8572555781479214,29.572590579878796,2,0
28.0,8,4,2,2,6.483785345359141,0.6083222597595245,5,2.6336210094994628,25.791124874672928,1,0
28.0,9,2,8,14,6.437487063330456,0.5289127232862757,2,2.722861966606604,35.91939159665914,1,0
29.0,0,10,4,4,2.413567268807892,0.42971670795687167,2,2.634245783587883,28.98684561620841,2,0
29.0,1,3,6,9,7.197362183472061,0.6032763996979933,3,2.29998900581554,33.86123277751597,2,0
29.0,2,6,2,5,3.87700518514532,0.5909262188442865,0,2.3188556458031404,23.476893067660974,7,1
29.0,3,7,6,10,2.626492216988708,0.43410463504859576,4,2.766405828163118,27.941571806132032,3,0
29.0,4,3,4,14,4.952010376592496,0.5021113113091784,2,2.3908263655752418,26.80163345128784,7,1
29.0,5,1,6,9,5.464120407318006,0.5608005800351722,3,2.3099589520786226,30.038856895054863,3,0
29.0,6,2,2,7,5.510211012311972,0.7812181793951058,3,1.9445305859847921,27.92225456633323,6,1
29.0,7,5,5,3,7.8169453964370685,0.5538378701379003,5,2.112306230638285,21.412084294876696,5,1
29.0,8,7,8,3,2.3916605453987834,0.5047775565517705,5,2.952972391215432,32.700001025802266,3,0
29.0,9,2,3,13,6.705627795840302,0.5718713936933724,4,2.566809507325425,29.89262815677598,3,0
30.0,0,5,8,12,2.6151751893668083,0.3762189642684563,6,3.1691898415187403,40.87693203043724,1,0
30.0,1,6,6,9,2.2925979128788425,0.37819605984042104,4,3.0814353090849793,38.20729575172059,1,0
30.0,2,6,6,7,7.686776396086742,0.40491978948028773,2,2.778691296997471,31.612987905074082,5,1
30.0,3,9,4,11,2.7791420805072864,0.4259885155497415,5,3.0739762458513837,37.86927456179783,4,1
30.0,4,5,5,8,7.7018420824170875,0.45064270003627027,4,2.74521799344255,29.396739507012995,1,0
30.0,5,10,4,9,5.003717194003586,0.4215489570228203,4,3.1346267053545867,38.474293494982774,2,0
30.0,6,3,6,11,2.0139404367915814,0.34553065838264235,4,2.8572519241598466,33.58747588795104,2,0
30.0,7,8,4,7,4.01409440385705,0.36373421184914884,3,2.6048542475775145,25.75317131752405,3,1
30.0,8,4,6,3,4.124387374130564,0.4942992595628417,4,3.1910841381229273,34.01982667152882,4,1
30.0,9,1,4,11,6.120071670344776,0.5018408186863329,2,2.671586783356959,29.739098187821426,4,1
31.0,0,1,3,11,4.695647281739899,0.5907390724352093,3,2.201910832670093,27.227765238751676,5,1
31.0,1,7,4,4,4.431182855451978,0.4612643827865725,2,2.583146425407141,31.905385664932368,4,1
31.0,2,4,6,9,5.01725312039351,0.47316335587823066,4,2.7597345623602636,33.82692298310964,1,0
31.0,3,10,3,4,5.778101571555218,0.4749281272511918,4,2.699090958979679,27.963824396596348,6,1
31.0,4,9,3,6,5.000203493417648,0.5114519475092105,1,2.46723267877022,33.97945539936705,5,1
31.0,5,2,3,3,2.8658722621248893,0.5918331821740659,1,2.3496891606223476,29.40425464654851,4,1
31.0,6,9,4,5,6.30423664437784,0.43682095695163015,0,2.93515531604051,32.163628494559376,3,1
31.0,7,7,5,10,2.8731038023245494,0.46497651451715233,4,2.655768437634282,26.95565448194031,1,0
31.0,8,5,8,14,2.1750193537444598,0.3771116992296943,4,2.992817827617362,31.76777495575849,3,1
31.0,9,2,4,10,4.954202292207493,0.5309994593905807,2,2.4865115052821127,31.285239132148007,5,1
32.0,0,2,2,14,4.752230694005229,0.5802845782283832,0,2.11652501655303,31.617159782424004,4,1
32.0,1,6,2,4,2.6568941964139636,0.5942820129547739,3,2.5164569220801023,30.69840790202693,5,0
32.0,2,8,4,7,6.395676195442393,0.5065815773498362,2,2.6041541949094142,26.449412199760857,0,0
32.0,3,6,4,9,2.879649802160019,0.48466299223757947,3,2.2109880903218158,33.63084976564301,7,1
32.0,4,1,4,9,4.048816439650654,0.6374063058468565,3,2.194353131333885,22.24248713086844,6,1
32.0,5,8,2,12,7.593601303525833,0.6277945855906903,2,2.012526945836961,35.951278438091876,3,1
32.0,6,10,8,10,2.8962898173585927,0.38691410366903595,5,2.9744980845522266,31.277782778839246,6,1
32.0,7,2,5,13,6.8900919000568885,0.6164417231861044,2,2.3669204400879034,29.52159429849558,2,0
32.0,8,2,6,13,4.136403794714869,0.5147122909920887,4,2.6512947340068456,31.495096529911223,2,0
32.0,9,2,6,8,7.119054873546802,0.6420504356041289,1,2.337001164595583,24.729673570707224,6,1
33.0,0,1,3,10,3.99979915922315,0.5989824770648192,4,2.7432609975846995,27.31062477353002,2,1
33.0,1,3,3,9,2.492064447249126,0.40896403861413866,3,2.892171578581547,27.017970178684195,2,0
33.0,2,5,6,7,4.513597867903676,0.35688723196437566,3,3.277382731774487,31.923013139422185,3,1
33.0,3,10,2,9,3.406220544067253,0.40354662098532396,2,2.897338544802878,36.79556905031187,0,0
33.0,4,2,6,11,4.961261957536718,0.3793376527569171,3,2.98136001496923,35.6069316638946,3,1
33.0,5,5,6,14,5.237970733418915,0.3437523522435628,1,3.1023273682930435,31.538958372838117,3,1
33.0,6,8,3,12,6.442269781646118,0.41048578595921437,1,2.937719871326353,34.3843758009684,1,1
33.0,7,8,5,12,2.1948246301504897,0.2870443793515147,4,3.024687578022475,32.84753377699315,0,0
33.0,8,4,5,9,4.444447288128113,0.3799692462932832,5,3.021560730240113,34.90756583352271,1,0
33.0,9,1,8,7,3.783284683070576,0.31307097890043123,2,3.26497838308375,34.53380438944871,2,0
34.0,0,1,3,13,2.5617973600017754,0.4708183789012566,0,2.8915470835709374,30.74374634293347,4,1
34.0,1,8,3,7,2.7399109464517535,0.46901537998086984,4,2.668900334101291,28.1313806851518,2,1
34.0,2,7,8,8,2.634830149139085,0.3042096190206437,7,3.249774948955327,36.80672456052431,4,1
34.0,3,10,4,11,5.001743112069078,0.43038168390735243,2,3.2730194651923106,34.61909758473659,1,1
34.0,4,10,5,4,2.2233302274159747,0.3915774265807902,7,3.2021584135655083,33.08470833017401,4,1
34.0,5,10,3,13,5.9163687426633444,0.4363237726406429,3,3.088794062140311,37.44904972401813,2,1
34.0,6,8,6,2,4.592697420811576,0.40741349996338777,3,3.0806535718174803,30.963620650599882,3,1
34.0,7,3,2,7,5.39362116648826,0.4938768128944565,1,2.8982909010508924,23.819172587608442,5,1
34.0,8,1,6,14,5.463120057339854,0.4221496717649844,4,2.914324949302459,29.303513222451336,0,0
34.0,9,1,2,12,4.318208822820842,0.37604417200611967,2,2.6384007802211,26.227013157081622,4,0
35.0,0,6,4,8,4.506251401837855,0.4991632744913943,3,2.5792761347286954,29.20794634363845,7,1
35.0,1,8,5,2,5.249581536790922,0.5054813575809436,5,2.697397433583268,33.23785867337861,4,0
35.0,2,5,3,12,2.637474250817363,0.5293717276979433,7,2.47911488985601,35.01546008725724,3,0
35.0,3,8,5,11,4.642245338151264,0.5011796458975328,6,2.4796775002244202,30.83698842978624,2,1
35.0,4,7,2,10,3.8660420220253244,0.5278638725359348,4,2.6975396913510963,33.3920950591806,2,0
35.0,5,9,8,11,3.0852471465520184,0.30370030420434674,3,3.351743367595497,39.14452403567501,4,0
35.0,6,8,4,5,2.19491958014099,0.5334691014858846,2,3.185548313577476,35.43812653519086,4,1
35.0,7,9,6,4,3.3823704290873864,0.4661155690883285,9,2.765283824007196,28.625499552270437,6,1
35.0,8,8,4,4,4.894958363165978,0.5060453033739998,5,2.3630148665365325,26.723160771660964,3,0
35.0,9,10,2,14,3.207051393733277,0.4381136943326424,2,2.8387602781048433,33.22066224863664,2,0
36.0,0,1,5,3,6.794492874631727,0.5581088309273664,4,2.211005576639913,28.763895581051553,3,0
36.0,1,3,8,9,7.049692758546891,0.5128198605027882,3,2.495860883986198,30.23035508256307,7,1
36.0,2,7,2,10,6.1781745951981835,0.5260516882962273,4,2.5375800563269792,30.49159967655205,0,0
36.0,3,4,6,11,3.440909576132085,0.44354587876257784,2,2.4819902809086454,28.43145616237343,5,1
36.0,4,8,5,2,2.4672739345477446,0.562991998709378,5,2.579623533381724,31.7978424385469,2,0
36.0,5,10,6,12,4.137499367622681,0.4368825017332833,4,2.8417819895898266,34.72909725336999,3,0
36.0,6,9,2,3,2.7004874166127735,0.5776490742094207,4,2.2078726113392837,27.11723642806744,4,0
36.0,7,6,4,11,6.603024310694365,0.5935612730625963,2,2.7115414572601164,27.728819430064604,5,1
36.0,8,9,6,10,4.442460676273882,0.4349677529448342,3,2.849006382808731,35.88054781003772,3,0
36.0,9,2,5,10,3.069989074569298,0.522181171150822,2,2.269660831934137,28.562427564370754,6,1
37.0,0,6,5,3,6.756155437096267,0.7496824469345539,1,1.7005998510192186,28.188075927763336,7,1
37.0,1,5,2,11,4.405292810767462,0.7704479533283973,2,2.067934803098254,28.92979337739633,7,1
37.0,2,1,8,9,6.472386434849237,0.6075522624937929,4,1.8625511558910974,30.689002159354203,5,0
37.0,3,5,2,4,2.453162516155321,0.680168902772835,3,1.7542882582381865,25.607547101755184,9,0
37.0,4,8,3,2,6.585509588416373,0.7475865586704101,6,2.1605865098295824,26.977075100331728,6,0
37.0,5,1,2,4,5.610958091798287,0.7411669713682014,0,1.6790547242594607,25.065272727276977,7,1
37.0,6,3,8,11,2.0901352518833978,0.6632586610714866,1,1.9089104517902509,37.41737847168781,7,1
37.0,7,4,2,14,3.901478082911266,0.7597578010463182,1,1.967786783658392,27.873439949098945,3,0
37.0,8,10,4,14,4.599505593854167,0.6456189258924057,2,2.443184662704934,28.058654260361,8,1
37.0,9,2,8,3,5.1055967903228465,0.6874970770248469,0,1.9504754614911068,31.161515070381114,6,1
38.0,0,4,6,3,3.001701074206815,0.4422465214653834,2,2.205726071737304,34.027321674045226,3,0
38.0,1,6,2,4,6.8873912726810165,0.4960417712116598,1,2.235577989799292,31.556675974227744,2,0
38.0,2,9,6,6,4.017848566482499,0.3884858538604524,4,2.6537278392347647,36.791052409009794,0,0
38.0,3,6,5,14,7.0519011683493575,0.484168500278504,6,2.77315523122908,36.282408695324804,6,1
38.0,4,4,2,4,4.2630727507054615,0.5118741176359412,3,2.72358409689079,28.868080365365934,6,0
38.0,5,10,8,11,2.561120741587457,0.3876804863669165,4,3.0977871586161916,41.24940897186707,2,1
38.0,6,4,2,2,7.293410486124591,0.6255439357141613,4,2.1669055868423737,29.717343084171496,5,1
38.0,7,2,5,8,7.055327008791088,0.5442548206014731,3,2.380368115520805,29.489528217501782,6,1
38.0,8,2,8,5,6.326736536688598,0.4440028186659333,2,2.402836863056889,29.111168558373215,4,1
38.0,9,4,3,10,4.733753692131201,0.5922540563287764,4,2.8460529442842373,26.697764074714705,3,1
39.0,0,4,6,4,2.092989450957142,0.4363388459551186,1,2.724524196739478,34.60058275040015,3,1
39.0,1,4,2,9,2.9133692835012006,0.41894010235455315,5,2.730636602557667,25.480587267093146,5,1
39.0,2,9,4,5,6.710041017249573,0.4022587402722923,4,3.0028492355109746,35.173374424908964,2,0
39.0,3,9,3,13,4.6194903304509465,0.3814677089877115,4,3.0700429246882477,36.13526335226203,0,0
39.0,4,7,5,6,5.022150567424668,0.4266786179535143,6,2.7188601922735747,36.17818827059877,1,0
39.0,5,9,5,13,4.713884210308013,0.43315317876527015,2,3.2549560298214106,37.97741634850793,0,1
39.0,6,6,5,6,7.989404154972322,0.434444328468081,5,2.476221003924383,28.717311186632276,2,0
39.0,7,7,3,14,5.4313851347537225,0.4318716128189547,5,2.953852456907884,31.814117138960025,2,1
39.0,8,10,8,8,6.583779177953708,0.37836435163608567,3,3.3844781255066176,40.261653061955855,2,1
39.0,9,4,4,2,3.4355531765087832,0.5383666778382429,4,2.600091517007929,33.27594068915691,1,0
40.0,0,2,5,14,6.195877526931822,0.4151404713649858,4,2.9487823075465744,30.96940274990594,1,0
40.0,1,10,6,13,5.91561209129264,0.37112017484719373,4,3.231917249247889,29.976152673676584,1,1
40.0,2,2,2,10,5.011613484685164,0.5397741974736868,4,3.1513360412302776,30.43675091672949,3,1
40.0,3,10,8,2,7.603924511075704,0.3343172066070006,3,3.111790032663796,38.83720874109862,0,0
40.0,4,8,8,7,6.689812672659263,0.3730331246734316,7,3.191659829471649,32.63955074593545,1,1
40.0,5,9,4,7,7.212806574906922,0.41058965304908424,5,3.1681514044987247,33.79509308425204,1,0
40.0,6,9,2,12,3.5917105345163147,0.37437553809484236,2,3.1816836814204854,32.00526130714655,1,0
40.0,7,6,8,14,3.960638588930271,0.40744759242275347,2,2.8863825665275864,30.480659249689225,1,1
40.0,8,2,3,11,7.2500521984638215,0.4467849854905442,3,2.699240796696985,30.599295428906757,3,0
40.0,9,8,2,13,6.334241045796791,0.3628293699857558,1,2.722618269775774,32.20609410491999,2,1
41.0,0,2,3,10,2.7742184533365495,0.4582837600290116,1,2.4280412702988228,32.25240317652224,2,0
41.0,1,7,5,7,6.011029406905897,0.45940270069664924,3,2.6220968400505025,32.9015579268081,4,1
41.0,2,10,4,13,5.44095058334586,0.4678941079022325,4,2.7878084425882657,36.00642983119186,4,1
41.0,3,3,2,7,4.824709982076244,0.5096456816780486,3,3.03952855980825,27.195294268408063,7,1
41.0,4,4,4,6,3.1672878181994677,0.4904712291006593,3,2.6774584243143,24.32508308043337,3,0
41.0,5,4,6,4,6.100606922323502,0.5329675099276486,6,2.849629936517566,27.419092689944954,1,0
41.0,6,5,4,4,2.771477471070015,0.5687907432478687,2,2.30172912197446,31.37720147683012,2,1
41.0,7,7,3,5,4.680132330467989,0.6555174188619958,4,2.409546258503169,31.949565784794537,4,1
41.0,8,1,5,4,2.3306578396440005,0.5629702654656881,1,2.6426792787626314,32.99219058718425,3,1
41.0,9,4,6,14,5.835577299088177,0.4617723971373024,1,2.483130320337395,35.84391321314781,4,1
42.0,0,5,3,10,4.751899388486455,0.678805804598796,0,2.4605051218005953,27.661980988011333,10,1
42.0,1,5,8,10,5.495413455288867,0.6185533503104561,3,2.3040165662228818,30.806677841644923,8,1
42.0,2,7,8,13,7.166681120368554,0.5647535224599844,3,2.478335271079083,32.48336724986225,7,1
42.0,3,10,3,5,5.295610960090656,0.6016704249851046,4,2.2774796542607025,31.64686367011729,6,0
42.0,4,1,6,8,3.174476177288992,0.6946208139944222,3,2.145721772109604,23.37826180098149,7,1
42.0,5,9,2,12,5.047384496020285,0.6339567612401092,4,2.170285656897169,34.779920639736694,4,0
42.0,6,3,5,5,5.733899823491311,0.6488063278508236,1,2.195677344990356,26.965671734622507,9,1
42.0,7,1,2,13,3.152097505807693,0.7512154057910417,3,2.12817387736116,22.816353416572483,7,1
42.0,8,7,8,12,3.774936311491179,0.5389131356829467,1,2.434784214375651,34.46737822743426,4,1
42.0,9,9,2,3,7.407065739304134,0.653355307456375,3,1.950534073722303,26.014591780369827,2,0
43.0,0,9,6,10,4.629791648198996,0.31053829600678706,5,3.0944718854071067,36.96003258976526,3,1
43.0,1,7,6,6,5.002150162306341,0.42525601329334384,5,3.1207960165902926,37.89022420528673,3,1
43.0,2,1,6,6,2.441380125294594,0.5510838990750673,4,3.0148657822582474,34.01117918967652,0,0
43.0,3,9,4,4,5.5579084865329635,0.3865765314052325,5,2.7077345857338027,36.430565422871965,0,0
43.0,4,4,4,7,6.572196326234306,0.5176652612082346,1,2.8470184855195537,29.554151920546314,1,1
43.0,5,6,3,3,4.555358930220091,0.37895410736384905,3,2.9007952599162268,31.232522595925445,1,0
43.0,6,1,4,12,6.838975676631471,0.38809414177355755,5,2.5588441123004397,27.58464918229935,4,0
43.0,7,2,3,2,2.771744362635152,0.5109154623059187,8,2.838254052987003,29.361530123794235,7,1
43.0,8,6,2,14,3.9466293718103973,0.47082381207344526,3,2.8440652710612073,32.161560371143175,2,1
43.0,9,1,4,4,3.5816326388412887,0.5166411653012651,4,2.8175479381200277,31.91454350731548,2,0
44.0,0,5,2,11,3.8913004242637164,0.5689160281350273,1,2.649057870728873,29.383771342741117,5,1
44.0,1,2,2,3,4.471113698866982,0.5594238440648402,5,2.041689927682103,25.559510816771198,7,1
44.0,2,10,6,4,2.790462797791785,0.48917067355951416,2,2.956426736890649,29.810450051246324,2,1
44.0,3,10,6,9,2.81822663017675,0.458491642262326,1,2.646422660037737,37.703724805665495,2,1
44.0,4,9,3,9,6.6589212878940005,0.4626965789878267,2,2.8954202760610457,26.730435350607408,3,0
44.0,5,8,5,4,2.6279638034473773,0.46250617680850503,3,2.5241013480000256,31.202784822845878,6,1
44.0,6,5,5,4,5.46212241014335,0.49348570223559923,1,2.3944452129903335,28.616848841056758,4,1
44.0,7,1,2,10,6.083498557512604,0.6579612587538528,1,2.703441220770657,24.050094559214568,3,1
44.0,8,4,4,2,2.6348021565448394,0.5078556923458984,2,2.561464501830633,26.32548532702659,3,0
44.0,9,10,8,10,3.257207743700754,0.3818409609543504,7,3.098726946220196,34.519103355962045,5,1
45.0,0,7,5,14,3.567470794721494,0.5387073970972852,2,3.0124510391983685,29.588642525190235,0,0
45.0,1,6,6,14,6.522683606518492,0.4205750781461321,3,2.5413871934834367,34.660933660993116,5,0
45.0,2,2,3,4,3.2571153458751927,0.6660802209014904,1,2.233755373873159,25.45696416915145,6,1
45.0,3,9,8,5,7.05822168156622,0.5065278505881537,3,2.571721077987068,35.387732804603075,2,0
45.0,4,4,3,14,4.726533914957247,0.5236426067172628,0,2.5901602241397397,31.637522946616215,2,1
45.0,5,9,6,10,6.766305350557138,0.5240614179237401,1,2.5991737306552816,35.42707144231515,3,1
45.0,6,3,5,2,2.6045170637574575,0.5787771430619081,5,2.3436920485190575,37.191994596214755,5,0
45.0,7,7,2,2,3.255930896282102,0.5422729550832455,1,2.2794457756333224,29.01849145022127,7,1
45.0,8,9,3,5,7.357787550228964,0.64424806028234,3,1.926736591109504,25.603027450590137,4,1
45.0,9,1,5,12,6.844073727202211,0.5574096231202567,6,2.6649460793722657,31.79944207425521,2,0
46.0,0,6,5,4,6.441818359394505,0.5397154188485529,5,2.5877642122955473,28.371516552059344,2,0
46.0,1,2,2,13,5.651429559043845,0.5188169075563025,3,2.641785684236893,28.57829605962944,2,0
46.0,2,10,6,4,2.2172435689243097,0.49775852597506837,3,3.0726601078724847,36.56058533763045,2,1
46.0,3,3,5,4,6.272047767188976,0.4664840036186757,4,2.463690515545753,21.463027134874913,2,0
46.0,4,3,8,4,7.9201807764825425,0.5654464056321913,2,2.9523890750953057,29.761730059540064,2,1
46.0,5,3,6,6,4.0426464805965105,0.4700483634887709,4,2.5827331359697743,32.09055767183785,3,0
46.0,6,8,4,7,2.0170529219838347,0.5152658512308259,10,2.7631763064670536,33.63583403021472,2,1
46.0,7,1,3,4,5.48990799603804,0.5785844040991871,3,2.486047510286748,21.460860554791694,3,0
46.0,8,5,8,5,2.2949157723482623,0.48856741315024116,4,3.098023083318134,37.37919179872886,3,1
46.0,9,10,2,9,2.7801575339007956,0.42585157526801737,3,3.0213709312611723,27.480703454740404,3,1
47.0,0,10,8,12,2.417875206489594,0.5031281934889091,4,3.2699252294779364,34.131819509516305,3,0
47.0,1,5,3,5,6.159257253313207,0.7002622626129665,0,2.238615588363224,25.271480895245716,6,1
47.0,2,6,6,13,5.517248997143054,0.5991438186784961,7,2.5900704593821433,33.12402693406036,6,1
47.0,3,6,6,6,4.590830604715473,0.4868969290179399,5,2.411633310990402,34.18062417674128,5,0
47.0,4,7,3,13,4.617808542998105,0.6716063628415379,4,2.345277810452139,34.56145942833673,5,1
47.0,5,9,3,4,4.812913748091448,0.6588466051334365,2,2.1902643991594997,26.318679185885685,4,1
47.0,6,6,5,13,3.999450443304366,0.5267916344702517,1,2.4783216347218215,33.269339797964676,9,1
47.0,7,7,6,6,2.398838781255029,0.6117531731830887,0,2.0282563492319006,32.33289044222171,8,1
47.0,8,4,8,13,3.3683709014001195,0.5028924861555639,2,2.470153481556442,33.61765063975743,3,0
47.0,9,3,5,12,6.015542555477889,0.5510669873516454,0,1.937646503377211,30.00274350814339,5,1
48.0,0,8,2,4,4.649283733278983,0.5752301798644367,4,2.5031351198512457,26.95125160200323,2,0
48.0,1,1,5,3,2.334497590821968,0.576298711214505,0,2.1896515736124167,28.881546073912833,6,1
48.0,2,8,5,14,2.213492874760776,0.5493735853478665,0,2.462173184533682,33.09190731991812,5,1
48.0,3,1,2,4,4.546956996059211,0.7148833885490977,1,2.1011222164140495,25.58564641762639,6,1
48.0,4,9,6,3,3.581042921125141,0.513318959336607,3,2.362636006278464,37.10783171833694,4,0
48.0,5,3,2,12,6.7240930904582425,0.6614425257793962,2,2.0821185602303616,29.938782894558265,10,1
48.0,6,1,6,11,6.077311019436103,0.6350143975447856,4,2.0976743417889114,28.523065973694642,7,1
48.0,7,2,8,4,7.995897609138277,0.6835917762375242,1,1.9640667491229697,31.429876589911302,3,1
48.0,8,1,2,8,7.241451834558405,0.7145213061192663,2,2.2696789961636807,27.54969686196737,9,1
48.0,9,9,8,12,3.499204791547576,0.48166537655884756,5,2.941166875377122,34.5068500189361,0,0
49.0,0,2,6,10,7.174009498638389,0.5017325437639497,2,2.6064468293286405,26.237167771408963,6,1
49.0,1,5,5,14,5.320941621192944,0.37100458587894897,6,2.993958738119001,34.831154706493635,0,0
49.0,2,9,6,5,5.223015929624173,0.3664844299745194,3,2.9679717266477015,42.736074457827385,2,0
49.0,3,7,3,4,7.683023701060364,0.4721242352271751,2,2.713354702954525,28.730988889794936,3,1
49.0,4,4,6,14,7.923286728986847,0.4053101060988803,5,3.1382731197895857,29.225950442956147,3,1
49.0,5,5,6,12,7.181279190028572,0.2954242059904124,7,3.0610733149647773,32.04926791624373,7,1
49.0,6,8,3,13,4.548074074510751,0.42298148208243247,5,2.9152546895845397,28.10492454413266,1,0
49.0,7,2,6,4,2.1846510695549606,0.4188094953453052,6,2.9659312034957854,32.76627568443382,1,0
49.0,8,6,2,7,4.951255756764942,0.5189145317985953,3,2.779889203870669,26.808190217822407,2,1
49.0,9,7,8,6,4.034987195150203,0.3499532859834049,3,3.009909860646681,37.71693092101931,0,0
50.0,0,3,6,11,6.393427484553725,0.5840007376839603,1,2.301377865594244,31.28807026501254,3,1
50.0,1,1,3,14,6.585944001240222,0.5894738769677244,2,2.560238802377362,28.65387547588527,3,0
50.0,2,7,4,13,5.927727161092777,0.5812602893990985,3,2.8382912450006446,34.03935682850616,3,0
50.0,3,8,4,7,5.069217165408751,0.4926527129997988,1,3.0017229228284457,30.792413635929787,4,0
50.0,4,9,3,5,6.394727774802378,0.5918319617889797,1,2.497513630574373,29.346606058786616,2,0
50.0,5,8,6,4,5.647746216101655,0.587725381572069,1,2.639326986025871,29.567686532629267,7,1
50.0,6,2,6,8,7.547906632431085,0.5469026529821011,2,2.0200993820112925,28.54900670612929,6,1
50.0,7,2,4,9,4.963082088449368,0.6093062469463555,0,2.203720997508503,25.711721783982128,7,1
50.0,8,8,5,10,2.8864779466277666,0.44891385655320837,0,2.554948921130013,31.625455571414868,6,1
50.0,9,9,8,12,5.565990403559574,0.47895746372273645,2,2.771961546139316,35.1952542614745,1,0
51.0,0,6,3,5,2.5280361650687135,0.5836333764301213,2,2.515789374536407,31.450221326375175,6,1
51.0,1,7,8,6,7.250725954294967,0.5143560171954695,0,2.264922739168962,32.6856801332309,4,1
51.0,2,5,2,10,5.96914594487705,0.6976517879162171,1,2.3765976137592637,28.78566470987958,3,1
51.0,3,4,5,7,6.12423479454684,0.5534712209181645,3,2.770788580523355,26.31247841576881,8,1
51.0,4,5,6,14,7.866276876953,0.5560349495524534,4,2.661462577835659,30.773124080174604,3,0
51.0,5,1,2,14,2.5406817976048672,0.7578302005838153,4,2.2017884298870483,28.640247191825836,6,1
51.0,6,7,3,5,6.261259089897589,0.6628493676038771,2,2.2083396134801254,29.97321388358647,4,1
51.0,7,9,4,7,4.383365177397395,0.5866203133980078,5,2.638603588024043,25.71587238857339,4,1
51.0,8,7,6,9,6.649300593517692,0.5527902967708561,3,2.0120589691603192,29.80250578885027,6,1
51.0,9,7,8,14,3.9847579485659335,0.5528666392457341,3,2.515031711705098,40.23906305640076,1,0
52.0,0,8,6,10,4.70653572480099,0.5313848790825866,2,2.8529395936790376,31.778141469716562,4,1
52.0,1,2,6,13,5.240175153564126,0.4512776190087061,6,2.6340287436908545,34.07607224584236,8,1
52.0,2,5,5,8,6.075482007945648,0.5452871467617769,6,2.304032288395603,27.211203461713936,2,0
52.0,3,7,2,11,4.98292289529723,0.6151560997606265,2,2.922056572090178,33.636008257108976,8,1
52.0,4,1,6,6,3.595371452163572,0.5154663222462013,6,2.5273384844277893,28.52876033171045,5,0
52.0,5,4,5,5,7.059067523917043,0.5290794494147842,3,2.504874123692471,25.608868737026185,5,1
52.0,6,2,4,7,6.751439230533421,0.6163556512937343,2,2.449253258837337,30.7869251384354,2,0
52.0,7,3,5,2,3.748306316124393,0.5564085173402573,4,2.3836956226505532,28.07720032308587,2,0
52.0,8,3,3,9,4.2030428865877525,0.6517749452384856,6,2.480414290218653,24.909576313544513,1,0
52.0,9,7,5,14,6.624887129985927,0.4618773500521476,2,2.671412077131213,33.523779205122,5,1
53.0,0,5,6,11,3.735069523138659,0.43539348382970317,4,2.542019033702949,31.922309188203755,0,0
53.0,1,4,8,6,6.329070679060542,0.44625360264275143,5,2.8751465836520773,27.739505056116464,8,1
53.0,2,4,2,6,7.079206958740431,0.6249233652490812,1,2.5370534817395156,25.941837933826353,4,1
53.0,3,4,6,12,6.830106159407767,0.4760489427115245,5,2.5860332408071516,31.207629561521536,3,1
53.0,4,8,2,12,5.180693390211892,0.4414028431857063,4,2.6206517012040393,33.78154327880634,2,0
53.0,5,4,2,10,5.907186272572078,0.5323165794691177,2,2.570656733056335,30.245005497046694,3,1
53.0,6,8,3,2,3.1317231142557866,0.482671973837721,2,2.5527752204105103,32.570955140180864,3,1
53.0,7,10,6,13,2.453326962576617,0.3805848150694443,5,3.306511795025742,31.053655074546832,1,1
53.0,8,4,4,14,4.772842839619404,0.489784363834304,4,2.82882816758908,31.67439590931344,1,0
53.0,9,10,4,12,7.0490943443727385,0.4070097554011216,0,2.8907775791726493,31.69217021852801,0,1
54.0,0,7,8,13,2.9442710892132054,0.5872212049382916,2,2.728060315002212,29.038065004303704,7,1
54.0,1,5,5,11,2.357074655383846,0.633081956640867,3,2.670084642102408,32.490628177577726,3,0
54.0,2,7,8,5,2.085661890114994,0.6237985924115936,1,2.8704135928892796,33.03784164169237,3,1
54.0,3,10,2,6,3.8292761443472427,0.6382507976728631,1,2.106008290795727,35.280683589623294,7,1
54.0,4,5,8,2,3.2419178180007173,0.5754676687714846,1,2.254474323135514,34.082413016168466,2,0
54.0,5,7,5,6,4.1799468534140605,0.6388880102087876,1,2.06244071457468,28.362489649596753,6,1
54.0,6,2,8,13,5.272740172354952,0.5640780162665546,2,2.3654062465185706,29.11886962331957,3,0
54.0,7,4,3,14,5.662363199864322,0.6800879121259622,2,2.3514377288249926,28.08883407534015,5,1
54.0,8,3,4,2,4.6451306762150955,0.7579085200977298,0,2.1266492155304606,22.726113150841844,4,1
54.0,9,7,8,11,4.821494511972526,0.5693593937044246,4,2.708982252696515,34.063116962522884,5,1
55.0,0,5,8,12,4.041649893404185,0.4093842109748613,4,3.181575291445114,34.54099675080821,1,1
55.0,1,1,8,11,2.939884270181801,0.3798025388168049,3,2.9416621995798713,29.854101917559618,0,0
55.0,2,6,5,7,6.603008842066112,0.4088054201178186,3,3.2645468330002387,31.85314254967384,3,0
55.0,3,2,5,4,3.4630563797966323,0.5221067261237556,3,2.8390118774779363,30.060067868238885,3,1
55.0,4,8,5,6,3.672534796811775,0.448618186506652,4,2.979836630436922,34.67208091486454,2,1
55.0,5,5,4,7,2.111147460475735,0.48184928461255216,1,2.9292447131775763,20.814703785856107,1,1
55.0,6,6,3,6,4.49809699277859,0.4809304049946904,9,2.4029168402424164,33.785420230447,2,0
55.0,7,10,6,13,3.315771695028984,0.32194315136190027,6,3.3567903399024313,36.62674349805154,0,0
55.0,8,7,5,3,3.954244010521994,0.41490006135558083,1,2.938887257092147,31.984349839857064,2,1
55.0,9,8,2,4,4.631932288102247,0.4954987220276672,4,2.82436421285716,35.62421780759131,5,1
56.0,0,6,8,13,4.705421918558889,0.43693246169299776,3,2.6132076806264033,34.158236759748505,1,1
56.0,1,4,2,12,6.758061845753597,0.35040304888698637,3,2.47330644999418,26.283788388297747,3,0
56.0,2,3,5,6,6.4775293661012325,0.601571526552656,0,2.7793221015730865,32.67965585740664,0,1
56.0,3,4,5,13,5.106072009385743,0.39856599900760536,8,2.8544816952192287,36.10328602718007,2,0
56.0,4,1,2,10,7.635561373469143,0.6400484898170398,2,2.577639677029107,24.734167758930464,5,1
56.0,5,2,8,8,2.2092818349201657,0.4932869475400239,3,2.7240319938993105,32.41923188324656,1,1
56.0,6,5,4,9,5.012789845517195,0.47464589231031,5,2.701745167798469,29.80064877898891,7,1
56.0,7,2,4,11,7.266828791653909,0.5147553847463533,1,2.215446812706717,29.297175048397033,9,1
56.0,8,2,5,2,5.6217925993583995,0.5655944903927858,1,2.418602212134575,32.216281474477825,5,1
56.0,9,7,2,7,5.165382328140833,0.49471232619459216,6,2.294837868806161,26.222012210963488,6,1
57.0,0,8,4,13,3.2316316448228104,0.5538672521265272,2,2.9270556077648475,36.41524137280587,7,1
57.0,1,4,6,13,2.505623355084593,0.5084412905861544,3,2.763893172658077,35.38278303246827,2,0
57.0,2,3,5,6,7.579652961374025,0.6349666837487621,4,2.2378055807679402,29.040507702112514,4,0
57.0,3,2,6,6,2.1228625001731873,0.553775894145201,3,2.6668622781719242,32.893045093449516,9,1
57.0,4,1,5,14,2.478431344576768,0.563596880682382,3,2.2575502511857137,30.25275046985979,9,1
57.0,5,10,3,9,4.950743795742008,0.585812688291198,2,2.3944651775340238,32.32669064504056,3,1
57.0,6,5,5,3,4.912069382806509,0.525660060576137,5,2.6009507511746164,28.38018236630997,7,0
57.0,7,8,5,3,3.05692347501716,0.6188400263492309,3,2.741509484885552,32.93482280135054,6,1
57.0,8,6,8,6,2.6048431828345118,0.4734212844281098,0,2.522940820897284,30.603257377315842,4,1
57.0,9,1,4,3,7.370637354380552,0.6932799687353273,3,1.9076867728738165,26.281152901355906,6,1
58.0,0,3,5,4,7.911243955466563,0.6515386990708404,3,2.3939612958058705,31.548548450913337,3,0
58.0,1,5,3,9,6.216746128267076,0.6212113458179079,3,2.156584063094807,26.206884556115725,6,1
58.0,2,8,8,7,5.67386773304238,0.5016278921859891,2,2.885185116243361,31.30422630433287,6,1
58.0,3,4,3,9,7.888494331001983,0.603749318122515,2,2.150542202118641,22.058947091150742,3,0
58.0,4,7,4,10,2.565458398427154,0.5305749029089126,1,2.474021350195303,32.28696640510639,5,1
58.0,5,7,3,9,5.74367344856833,0.5966091995450691,1,2.4633868681646645,34.94274191256531,4,0
58.0,6,4,8,13,7.329139717785123,0.5650736279195886,2,2.501556288367302,21.167254473531422,4,1
58.0,7,3,5,14,5.696664802494326,0.5071638316542404,3,1.9693578330697328,26.832952021712146,4,0
58.0,8,6,8,4,2.3890053127171473,0.5258480913558624,5,2.8120686321398494,31.68270403379055,3,0
58.0,9,2,6,2,2.111424312590593,0.7394325187279376,5,2.2622187467026524,23.75752283472157,3,1
59.0,0,9,4,8,6.370117024859371,0.6636324782152697,7,1.565448885640512,26.6545913429751,7,1
59.0,1,1,5,5,5.075545551603778,0.7483319661420645,2,2.067960379603431,30.60581179537302,7,1
59.0,2,6,2,10,2.9604446329203835,0.6862013000868932,0,2.1167671046264767,28.60493410969748,7,1
59.0,3,5,2,11,3.8608833265448124,0.7967561726473507,2,2.0983144938317104,30.432295876199234,8,1
59.0,4,9,6,7,2.591944260396854,0.5213037586887934,1,2.4923255686931656,35.37863873402051,4,0
59.0,5,7,4,9,3.6755916682459384,0.5624034856657997,1,2.04822459146146,35.30042694450684,6,1
59.0,6,5,2,8,4.536552662529429,0.6515218573686936,3,2.1982078757988965,25.42023361995638,5,0
59.0,7,9,3,7,6.683123455217639,0.6909329489873847,2,2.165666237814833,30.30824485468108,4,0
59.0,8,2,5,2,6.135378418177711,0.6697514005093637,2,1.9375846890690516,28.78368544194807,3,0
59.0,9,6,3,10,4.077050463836774,0.6606136946868106,2,2.1843755877171738,30.20417794936548,4,0
60.0,0,4,3,4,6.661161961389689,0.5703332812443328,3,2.736573656230049,28.81687321087334,2,0
60.0,1,10,4,10,4.399772747503627,0.46497435822380917,5,2.725345528468377,38.62078320914482,2,1
60.0,2,8,2,8,6.71121720747695,0.4518388490804659,4,2.5059788826251603,26.460099825110404,5,1
60.0,3,7,3,5,7.026374591735938,0.5149779670784037,1,2.5765134680658752,36.49825066143632,4,1
60.0,4,7,6,11,6.55737100348345,0.4711349055246252,10,2.7296843162809994,32.79095999841464,5,1
60.0,5,7,2,8,2.3125274415629056,0.47079361037228584,5,2.711706305367016,33.08976912154348,5,1
60.0,6,5,8,2,7.09251620339141,0.3874850765119169,1,3.015612986578717,30.107274812471196,2,0
60.0,7,6,4,2,3.291323871598273,0.46769420198586686,2,2.870275779212784,33.41940940719511,2,0
60.0,8,7,2,11,3.0027945038815265,0.513371152646477,4,2.938760297456403,32.03303756254267,2,1
60.0,9,2,4,4,4.672752130225604,0.5597651148835332,2,2.7958243038517923,29.510086201528882,4,1
61.0,0,2,2,8,4.874244354047682,0.7148234091216161,6,1.8061939817817978,25.26984749512122,7,0
61.0,1,2,5,9,7.74950703339502,0.6115547501503862,0,2.242781838132006,28.69020627628203,11,1
61.0,2,4,2,13,7.944808135675627,0.8077158000991461,2,1.7932560617032145,27.204449313853925,7,1
61.0,3,4,5,3,2.34022790822028,0.6473230476517094,3,2.292365696398099,27.849669135429796,3,0
61.0,4,7,6,4,2.840387356153619,0.5360293413725429,3,2.0280256117340514,29.202802908917608,7,1
61.0,5,2,8,6,3.8262067005773055,0.5600426611348837,6,2.1846989892049553,21.842111494564648,5,0
61.0,6,5,4,3,4.17377259553741,0.6933990701386409,2,2.0625302802867784,22.58946913675177,9,1
61.0,7,6,2,12,6.366257110443426,0.6676389794896248,0,2.295781706161354,25.701006234555848,5,1
61.0,8,7,8,2,4.636689339757522,0.5647718572657918,1,2.0136266235344578,33.44374588762281,3,1
61.0,9,5,5,13,6.467341142627475,0.5660282307134463,1,2.250967669637962,29.530877353918395,4,0
62.0,0,2,4,10,7.64105637980634,0.6342128876117422,4,2.1202980806541016,25.852526030575184,6,1
62.0,1,3,6,9,4.918454593946519,0.43285449683022403,1,2.6266357317056896,28.700301988980517,6,1
62.0,2,9,8,11,5.637161224544842,0.5418994975305018,2,3.0192720816264704,32.30780749112995,1,1
62.0,3,5,2,9,6.438499684342913,0.6517588205779103,1,2.191538341460898,29.236042238256065,5,1
62.0,4,3,8,7,6.007620467288392,0.5040146453950821,3,2.662682238495907,27.826082639463255,6,1
62.0,5,5,4,2,3.0402389405450494,0.5007785986305399,2,2.363485698152877,29.783373855118043,5,0
62.0,6,3,5,7,5.236275908168858,0.5326129454810441,2,2.656438554798627,29.725941755551208,4,0
62.0,7,3,5,5,2.771463564781271,0.5851234859738069,2,2.152085506076758,29.996703824405117,2,0
62.0,8,9,8,7,5.905273024974663,0.5214080602411573,3,2.7815346564892454,34.56787825200053,2,1
62.0,9,2,6,10,7.143966941201317,0.6156532623474047,1,2.3454592347353573,28.62336977159026,5,1
63.0,0,8,2,11,2.514864630256633,0.5312121866768823,1,2.919035909358974,34.93167046982242,4,1
63.0,1,6,8,5,2.488566132241613,0.5703270966544232,3,3.0328358700036158,34.59642112185335,3,1
63.0,2,2,8,4,4.16473040647236,0.48431308614371255,1,2.611120125993338,29.375056758601204,6,1
63.0,3,8,6,6,2.921711321026107,0.44976680534055524,3,2.8490378084453667,28.479042345194564,1,0
63.0,4,2,5,3,5.569496125513229,0.5580612107049465,5,2.4754931030463325,29.904474967011584,4,0
63.0,5,10,6,10,3.8662502303419037,0.4201833275876693,3,2.683724573595441,36.22010181413164,1,0
63.0,6,1,4,6,6.214376855242561,0.6707746718448471,3,2.318891975379311,28.016856882255347,6,1
63.0,7,8,3,12,6.4199404113127425,0.4725082147843801,5,2.376391165113478,28.85187675515872,1,0
63.0,8,9,2,6,6.808233499252755,0.574231803494704,4,2.3596448477268206,32.366456647413536,6,1
63.0,9,7,4,4,7.961812690957652,0.5736680147176434,1,2.3736442179127257,31.944999641969538,5,1
64.0,0,7,3,8,2.2520346045128714,0.5039220371635715,3,2.83319980870829,35.96655274325216,7,1
64.0,1,8,2,3,4.766850667284199,0.5209126644350369,3,2.6515076549497736,31.73050966439779,4,0
64.0,2,1,6,3,6.3058735180564565,0.5571739060628633,2,2.460745760447822,28.67313374541349,4,0
64.0,3,4,3,5,5.286869508348816,0.4660877710831697,2,2.387797601711552,24.838997568092246,5,0
64.0,4,7,2,14,6.449964856857909,0.5097377072857503,4,2.944701469066099,31.29016215867932,3,0
64.0,5,2,2,12,3.2569173363175983,0.5575459401447804,0,2.832441869002357,23.4804474054361,7,1
64.0,6,3,6,12,6.334767862033724,0.49267226069895315,4,2.8661362688917094,32.978563856284914,3,0
64.0,7,10,3,7,7.651846592861541,0.6070728669122107,2,2.54970249969249,36.89705417627671,3,1
64.0,8,4,4,13,4.601270738944158,0.5453694833566601,2,2.3538364646358323,33.45874881716635,0,0
64.0,9,10,8,7,5.481993141547454,0.43208585122765797,1,2.692652013526174,40.1935021171837,2,1
65.0,0,10,3,5,4.233888846645591,0.5671736676834169,1,2.085202187088794,31.323817673294766,6,1
65.0,1,10,3,13,4.109809840027093,0.5185713711790447,1,2.463200613284377,27.451524298345248,8,1
65.0,2,6,4,9,3.369985019559863,0.6146611343855058,2,2.208844446178719,28.381534772904317,4,0
65.0,3,10,8,13,4.480982822380231,0.42552559530473344,4,2.753547149140727,38.372468092857744,2,0
65.0,4,5,4,7,4.774965644074629,0.6006497476650854,2,2.013919355899171,30.09870974922933,10,1
65.0,5,9,6,4,6.926433338342113,0.5702963808386221,2,2.0529639978495,31.589748754086663,8,1
65.0,6,7,4,13,6.900471676836089,0.5725161144921284,2,2.4613822886092915,29.232211172470997,8,1
65.0,7,9,2,2,3.8527521788035757,0.6672339520865516,2,1.8785514188373609,30.825369102082504,7,1
65.0,8,8,2,3,6.387282919977687,0.6334763537977451,3,2.1443422126076475,29.942732309195897,4,0
65.0,9,4,6,2,2.9880215750438306,0.7088644744744125,2,2.139412406268152,31.916487678815606,7,1
66.0,0,5,6,7,6.346750262056034,0.5066316652103421,0,2.728292514034825,33.14958161796555,2,1
66.0,1,10,3,5,6.550734483854759,0.404547897272826,5,3.074952062548515,30.120489851496522,4,1
66.0,2,4,3,13,4.300777007286155,0.387528758034447,0,2.5863136358640415,28.950317655496814,2,1
66.0,3,2,4,6,3.018755837305684,0.5313040588456998,6,2.5560889840159065,30.73039414246762,5,1
66.0,4,9,2,5,3.781670575721432,0.42508934751312066,4,2.9242220400316175,26.8811105722454,2,0
66.0,5,4,8,3,2.477697507964627,0.4306556104013758,5,2.9734506241834806,34.115019246181504,4,1
66.0,6,6,6,12,2.7026433890316666,0.4055255368876915,6,3.553438431379048,26.75801926923796,1,1
66.0,7,2,6,2,3.426192561837373,0.4995249416383861,2,2.7990508951084156,30.793046069998443,2,1
66.0,8,10,5,4,2.926489666039954,0.3836426398265777,5,3.3584622523003773,29.456056040469605,0,0
66.0,9,8,5,4,6.053599209044751,0.38982163402696973,7,3.011339772473659,32.11255300990078,1,0
67.0,0,6,6,2,7.985289330087447,0.4533969024057947,4,2.4523971101855837,38.330799781165275,0,0
67.0,1,2,8,8,4.289446326953106,0.40711756437240326,4,3.0868182874562646,35.448397980937116,0,0
67.0,2,2,3,2,4.207417551717654,0.44808477255512946,3,2.483404910385139,29.306331141132425,2,0
67.0,3,2,5,9,6.248884007591343,0.44009806102639937,4,2.8794902066233057,22.465857717638634,4,1
67.0,4,4,8,8,5.147513474441146,0.3554110850587118,4,2.822389046564206,32.66266601049464,1,0
67.0,5,5,8,11,5.123162676854982,0.32541536118775116,2,3.156258938117332,36.50551660056301,1,0
67.0,6,10,8,11,7.367233113443547,0.37105999141201457,3,3.54023171852659,35.36652846714308,1,1
67.0,7,1,6,5,6.553473493322178,0.5740842598369791,2,2.8151459345608547,29.463180082972684,1,1
67.0,8,2,4,14,7.34757589349239,0.485867366090455,1,2.8514132577141726,31.24887534411775,3,1
67.0,9,7,8,3,6.1973537567097985,0.3971202026310139,3,3.330429161713613,39.39305211011062,1,0
68.0,0,1,5,13,4.510213460792043,0.6885534558354875,2,2.20021958261465,27.302761464515417,6,1
68.0,1,7,3,5,6.070160538697412,0.7893263913437585,1,2.0826069978297292,20.49208077848705,4,1
68.0,2,5,2,13,7.150136330954581,0.7100433769650432,3,2.188461554396732,26.191706522130357,3,0
68.0,3,1,4,3,4.1857100077689955,0.6901085726830273,0,1.8919485749977587,26.422135678571706,5,1
68.0,4,10,2,6,5.424462450399919,0.6058358627999134,3,1.92231215016121,28.720918459628887,3,0
68.0,5,4,3,9,4.251446794981489,0.6184068921747978,2,1.9144324624414752,32.67919037639254,4,0
68.0,6,4,5,11,6.519557231574913,0.673460067876055,2,2.067320377306534,20.938299136466327,12,1
68.0,7,5,8,3,2.363377060475801,0.5976377580369924,2,2.628626795497112,29.427024266536,6,1
68.0,8,7,8,12,5.391733759723893,0.5379870080978535,2,2.1568194183425,30.27872674169712,5,1
68.0,9,9,2,5,6.226433264975451,0.6326827847926948,1,2.277604213200205,30.54493442517501,9,1
69.0,0,2,3,14,4.370457952329156,0.5844341511619191,3,2.0827848742024857,27.289739600991414,5,0
69.0,1,4,8,12,4.61810716582167,0.5007173860829242,5,2.587839749606902,30.627521360074372,5,1
69.0,2,1,8,3,3.566761084168735,0.599290710915296,3,2.209058561140336,28.519447441875087,11,1
69.0,3,9,6,2,2.088980974590247,0.533577796923331,4,2.5803812489548137,31.487420246387902,8,1
69.0,4,1,3,2,2.7186015914653097,0.6116019625170959,6,2.096023365085407,24.10917966458893,9,1
69.0,5,10,4,4,7.973288451729515,0.5740414499136856,2,2.6185670389826843,29.102382099711424,4,0
69.0,6,5,5,8,7.053497511195404,0.5644596337709784,2,2.487034352314042,29.258617632166086,3,0
69.0,7,7,6,12,3.113624383732599,0.49021907211348836,2,2.4575510067478583,32.70615521760674,1,0
69.0,8,5,8,5,4.220348216276961,0.4985666739546099,2,2.452544202453066,30.14809844438102,3,0
69.0,9,5,6,12,3.8585513795517237,0.5820098807897675,3,2.4938155070420382,30.371186104594372,3,1
70.0,0,4,4,12,4.586492278900943,0.643974532236924,3,2.097599618710361,29.081263135044285,5,0
70.0,1,7,6,12,2.933541946310047,0.5442188146863691,1,2.287197828683522,33.92668807640828,4,1
70.0,2,10,4,9,7.567814370722268,0.6856159108775199,6,2.1739689382014946,27.874203845912785,3,0
70.0,3,2,6,14,3.779057000852786,0.648052475061866,2,2.49363178340844,26.813990969285168,4,0
70.0,4,6,4,13,6.717693843741352,0.6125391555925043,2,2.2871038524565455,33.51095632293049,7,1
70.0,5,7,8,12,4.426248197424922,0.604328391968207,1,2.1557371439479915,33.689887150451085,2,1
70.0,6,1,3,12,3.988364833655824,0.6854315053566994,1,1.5708678969099932,26.423738072923257,4,0
70.0,7,10,2,8,5.32265937559549,0.6791912491467376,1,2.1232334718086623,26.73075373817515,8,1
70.0,8,1,5,11,5.9563944794322286,0.616339002019141,5,1.8916154601906918,23.431383599979995,5,0
70.0,9,8,4,11,6.733705379247401,0.6244567348739649,3,2.156281577249755,30.58604452127589,6,0
71.0,0,6,4,12,6.57713286737823,0.5614740309995012,4,2.361116638989149,36.1146830377633,1,0
71.0,1,1,2,7,4.577294741124053,0.6782804055754178,1,2.1814701502718896,30.692440903954044,2,0
71.0,2,2,8,3,5.502393500960749,0.6490143282210191,3,2.2356213583749853,27.355294150178988,4,0
71.0,3,3,3,8,4.908668360542682,0.6432961113400729,0,2.241915408594754,26.336109202000983,6,1
71.0,4,7,6,8,3.1335504010347472,0.599314220793935,5,2.461605591465642,32.251525166282725,6,1
71.0,5,10,3,2,5.299450322762969,0.6316138124379317,1,2.0880295402101114,28.91497954252887,4,1
71.0,6,9,8,10,5.689605067502884,0.5078526183291546,5,2.326140768478634,32.98521155464686,8,1
71.0,7,7,5,10,7.890363304289954,0.5851169738423638,2,2.223500275150986,33.805354858397095,2,0
71.0,8,8,8,7,3.0057318245324076,0.5260437727100179,5,2.6188207869747746,37.2660492176286,5,1
71.0,9,10,4,9,7.347376646188804,0.604857119276696,2,2.5061606874912017,30.18396154336147,7,1
72.0,0,5,3,9,6.920921952113887,0.5043863507057815,0,2.0973872832571563,26.666815548069504,4,1
72.0,1,7,5,4,2.675642894235871,0.36678561800311604,7,2.733753258569511,27.666046842838284,3,0
72.0,2,3,2,2,7.188283777251813,0.6185152062491944,1,2.1867467215796106,25.927347774950125,8,1
72.0,3,4,5,5,2.3012787287454364,0.5169040138939699,3,2.8044512753670015,29.259474624159026,1,0
72.0,4,5,5,2,2.9919466038832514,0.5349098249414861,1,2.777195884736561,29.311578493545934,3,1
72.0,5,1,5,5,7.751097650015634,0.5846303972804845,6,2.197168782819405,28.833572454877167,5,1
72.0,6,4,5,4,2.26136408343452,0.49731207298888735,2,2.705963736865455,31.09873361188993,4,1
72.0,7,6,2,11,4.752609739739557,0.471543485491744,4,2.6365540999128867,33.11792538423112,4,0
72.0,8,6,6,3,2.7762855864052476,0.4219368500748078,4,2.7392481093576855,28.329700054691184,5,1
72.0,9,1,8,3,7.226828900972931,0.4154341092265887,7,2.785855992765782,27.25662034978262,2,0
73.0,0,2,2,4,5.2762764401486955,0.6493117041422011,0,1.5347310898409012,29.380291026009978,3,1
73.0,1,3,8,8,5.040700289493884,0.584137485990504,4,2.392362646555856,28.0395993839809,7,1
73.0,2,5,3,7,7.622058197072862,0.6633108592372587,1,1.7758941765025205,21.977093651322786,5,1
73.0,3,5,5,2,2.327237964050904,0.5648324875927593,3,2.1896854103035475,28.974449599180417,0,0
73.0,4,7,2,5,7.727898775932411,0.7133280566779724,2,1.6889931931664028,30.42979294246554,6,1
73.0,5,5,2,14,5.85758724896456,0.6494634394076485,2,2.374570309202377,24.537211074716037,10,1
73.0,6,4,8,11,3.7109541770604038,0.5917340701245506,3,2.8617018885554995,29.45467150654467,2,0
73.0,7,9,5,5,7.441378349802966,0.5949057547576765,0,2.5884617586565457,32.96718413973445,5,1
73.0,8,2,3,3,2.1887431714761565,0.6582671666401521,2,2.391827290589627,19.014507212050052,8,1
73.0,9,8,8,10,6.236733670951143,0.43880062656345153,8,2.3576324056567883,32.175123229048836,1,0
74.0,0,5,2,6,6.429151383946994,0.6323963819360295,0,2.132034509594409,32.27109296460982,9,1
74.0,1,5,3,3,3.468211070897951,0.6513710339825297,2,1.8748465532145082,27.93693610151761,7,1
74.0,2,10,2,6,5.617685784143625,0.4956434547407238,3,2.5339542195581584,28.105870243191813,7,0
74.0,3,3,8,13,7.923883893263966,0.5466333241231315,2,2.3359066999460354,29.720935244495532,3,0
74.0,4,10,2,11,3.2121070239343545,0.593322577845494,1,2.627800091025263,26.7694685806161,3,1
74.0,5,6,2,12,2.4338634486367487,0.6770360230357103,2,2.1903108561473963,30.079119647189923,9,1
74.0,6,7,3,10,3.55184141982393,0.5046561829719204,6,2.3498853429371818,29.28133678142271,3,0
74.0,7,9,2,5,6.8116779202704185,0.6435924227048302,6,2.0688267448964095,31.603606947910883,5,0
74.0,8,2,4,8,5.519536403326937,0.7008878565254959,1,2.266180714130141,29.47472842866678,3,1
74.0,9,5,5,8,3.502238304241866,0.5409434158495773,2,2.383204066302906,31.139390372328123,5,1
75.0,0,3,8,2,3.6530481195919715,0.40136622941838945,4,2.4687023444262204,32.45827794965168,2,0
75.0,1,5,6,3,2.6035139395797433,0.4177225422156846,5,2.6832088061169217,27.651464223909215,2,0
75.0,2,9,5,11,2.8931408236996417,0.43476981123008895,2,3.2336529421572804,30.830836238933482,1,1
75.0,3,2,4,4,4.750555244269494,0.6407083594502848,5,3.0566784750147358,23.89056402269611,4,1
75.0,4,6,8,8,5.747108092186083,0.35598287574602167,6,2.875469225008919,34.47426134745735,4,0
75.0,5,5,2,5,5.997831938769753,0.48687317102435235,4,2.301431592559144,28.345886747708974,2,0
75.0,6,8,8,4,2.5993179079856406,0.30604462109574826,6,3.271226505002279,31.236549693416432,1,0
75.0,7,9,5,8,5.5773864790541,0.4152017560159916,7,2.863423212323121,36.51305851760732,2,0
75.0,8,6,6,6,7.636885326289253,0.3873353460524635,6,2.5366970686095516,34.98927675197238,2,0
75.0,9,10,6,7,3.6957536357089587,0.3467459757082472,1,2.8149414338624417,37.02989214878704,2,1
76.0,0,8,4,14,4.6662941738063894,0.4977170509016715,5,2.9490488909437977,31.374300616833843,5,1
76.0,1,5,6,7,2.9651209888957153,0.4278044094086472,1,2.752830337484313,31.011279039263936,1,0
76.0,2,8,8,10,2.4600342918097398,0.46113532443884736,3,2.8798251235459222,35.05227735640127,4,1
76.0,3,10,8,4,7.793754337025555,0.4793317912370718,2,3.0580681801927114,35.58375727765605,4,1
76.0,4,4,6,11,6.47915409296568,0.6189571078579014,2,2.796226497444578,27.604763728032168,3,1
76.0,5,3,6,5,6.358142106284496,0.5982114191794625,4,2.5574817849742035,28.321595937729565,2,0
76.0,6,8,4,4,5.4753202113653465,0.5372307623384751,1,2.456271203361828,28.709413127950853,4,1
76.0,7,2,8,12,4.28945551431309,0.5294601580871582,5,2.8933943695310065,28.98100183020309,2,0
76.0,8,10,5,14,2.0246087025810025,0.43665726828666473,3,2.909493149639933,33.584394861295216,1,0
76.0,9,6,6,2,6.2754676594835646,0.43715404073944464,4,2.571973730795788,25.622356791142444,3,0
77.0,0,9,8,5,5.928867800182147,0.4177975759018716,5,3.070190440942847,33.605121054625954,4,1
77.0,1,5,2,7,6.0674656750776,0.5704121087676873,3,2.1821736530579283,28.007658120471206,5,1
77.0,2,1,4,5,3.8023388237598272,0.4857404419599656,2,2.5554162862918965,31.23752537091775,4,0
77.0,3,10,3,3,5.369795199706279,0.40077945895717226,5,2.9634382808803883,33.82447463475499,2,0
77.0,4,6,8,7,5.4365313997091285,0.38801315444008255,5,2.92702174325287,37.23706923865399,0,0
77.0,5,4,3,2,4.071224186238705,0.5067878084680181,1,3.1659862637721305,30.29643485828797,6,1
77.0,6,10,4,10,7.0665381635619795,0.39620892866969837,2,2.9537984365029373,29.843696094037263,2,1
77.0,7,8,4,2,4.471180792318711,0.5104370317864848,2,2.7526776412299716,29.45428796535734,1,1
77.0,8,10,3,9,5.87964342103576,0.4050315558041386,3,2.5779761364388802,29.320251398838078,3,1
77.0,9,6,4,8,6.37300488273382,0.39354720336751053,3,2.66225256142761,30.196600635046195,1,0
78.0,0,4,2,9,4.486217647439345,0.6709470062466183,1,1.8966141098335363,23.920798633853746,10,1
78.0,1,6,4,6,2.387993263103424,0.6740865434367783,2,1.8517684245052706,26.83334112300663,4,1
78.0,2,10,2,14,7.469477607513314,0.6842741079819135,3,2.148202763831306,28.784219872859488,4,1
78.0,3,5,6,13,4.757522035276663,0.6301163064805587,2,2.2885895448607214,30.39994465311162,8,1
78.0,4,3,4,10,5.909473567881512,0.6736608475436336,2,2.3011235889734705,26.810253698190518,6,0
78.0,5,2,2,5,5.010217905058094,0.7648515801140012,3,1.7713610468880194,27.12667792686603,6,0
78.0,6,6,3,9,5.769436604223394,0.7187127202871479,3,2.565973231002963,26.525072182733712,7,1
78.0,7,4,5,11,5.761497675883374,0.6738708000704331,1,1.9298063258135514,26.692020883527654,4,1
78.0,8,7,2,11,4.464057489696202,0.693357781103576,4,1.835722314631718,27.736822005921194,6,1
78.0,9,5,3,10,6.528095125208847,0.7185276501285529,3,2.112837080723765,28.645055850458906,4,0
79.0,0,9,6,9,5.123734791028711,0.6477372486309713,4,2.2222886594039326,31.99661118926049,6,1
79.0,1,7,5,13,7.360049850965649,0.6669360045734268,1,2.036221915634642,26.284523141155802,7,1
79.0,2,9,3,9,5.021490664486762,0.6822527133579985,1,2.048249907280931,26.231707981303416,5,1
79.0,3,2,2,6,7.229484351526896,0.7968501567603791,0,1.9574140163638996,22.666779243703335,8,1
79.0,4,6,5,7,4.9697128022299495,0.5990557911115869,2,2.5408797206673963,24.203738821694806,7,0
79.0,5,9,5,10,4.362057103334128,0.6047623093576718,2,2.4670505270036576,29.23979360698582,4,0
79.0,6,1,2,11,6.0712354652862555,0.8356629003657399,1,2.1865497719206592,26.470326195213534,6,1
79.0,7,8,3,5,5.504970387656295,0.5980189880303826,2,1.8269495877065014,25.197106644421964,8,0
79.0,8,2,5,7,6.032892121594443,0.7606895628537956,1,1.745473618060496,25.231055086353106,6,1
79.0,9,3,6,7,5.42072291069034,0.625011748931391,0,2.092528485396762,28.79243349603781,11,1
80.0,0,4,8,8,4.897720179299993,0.687848306913183,3,2.071862175324473,33.72658070628044,10,1
80.0,1,2,5,4,5.118454918623604,0.796649037568804,2,1.946883082934599,26.45617730194738,5,0
80.0,2,4,8,11,4.827420123749886,0.6248403079613896,3,2.423667913040074,24.429050619312644,9,1
80.0,3,8,3,10,4.691153647294895,0.7182421695587898,3,2.362783803118929,28.88452152798174,5,0
80.0,4,6,3,8,7.875349833539665,0.7588258105707426,0,1.9079400117732297,25.79342336571417,6,1
80.0,5,1,6,14,3.3195472882362456,0.7038304546569979,5,1.8299398150717785,25.57110702903821,8,1
80.0,6,5,6,2,7.630272422504365,0.6448952293990303,2,2.2186849757842158,29.519829330258457,5,0
80.0,7,3,3,8,6.91562616886159,0.6575584095342759,2,1.5348653218982093,23.194233113356734,7,0
80.0,8,1,4,12,7.626092612956821,0.8099613538117135,3,1.462054080390208,22.003820328894765,6,1
80.0,9,9,5,10,6.573026632902067,0.5978348117827408,7,2.178205343116358,31.746170303334733,4,0
81.0,0,10,5,9,7.450969204719766,0.2818306634914809,4,2.7777508214186373,38.32869857916505,2,0
81.0,1,2,5,12,2.444715046315748,0.37614741509372684,1,2.6721650092617257,31.142460278238453,6,1
81.0,2,9,4,13,7.877683334593646,0.41056141662863227,1,3.006580989264061,33.82173674591641,3,1
81.0,3,7,4,10,7.216754699227325,0.4311556426760242,3,2.6416378894768853,28.70780893171657,5,1
81.0,4,6,6,2,5.926759356955248,0.37474196786884967,3,2.8665459205682517,28.289239298624473,4,1
81.0,5,1,8,10,3.227752835354119,0.4062819411739778,8,3.0992752836493485,31.133714747575276,3,0
81.0,6,2,2,4,7.136781322118275,0.5823010138622712,3,2.3988601090287642,29.412566986753014,4,1
81.0,7,1,3,14,5.347692448606883,0.5219562637119076,1,2.352228783578341,33.20705576895121,3,1
81.0,8,3,4,10,3.71556535792393,0.5306838774271434,1,2.5434873346665894,30.695332444008365,3,1
81.0,9,1,6,14,2.448699535754504,0.4426963422757101,5,2.6524692620459844,39.014826192005884,2,0
82.0,0,5,6,3,3.225605319401119,0.6447030777291881,4,2.494160573581289,27.54110261415703,2,0
82.0,1,8,8,2,2.616851370415124,0.45643060205531816,2,2.840342049571051,31.72611822031883,5,1
82.0,2,3,4,3,4.9216442794354895,0.7021036157089464,5,1.8916227116034183,24.967131651341703,3,0
82.0,3,6,6,6,4.104213964584364,0.5145935229040582,2,2.759701818736267,29.997138750924236,5,1
82.0,4,10,3,6,4.695422784655495,0.6369315123963406,4,2.056317364075709,34.94422559604226,4,1
82.0,5,6,6,6,6.935216113480831,0.622926048688516,6,2.6507314976349496,28.34134397392444,3,0
82.0,6,5,3,2,5.7944053708111785,0.5863017678939706,2,2.257309916415214,25.477383646509075,3,0
82.0,7,1,6,13,6.855428430048087,0.5588494198642643,2,2.943272744509931,23.97670427779809,6,1
82.0,8,10,4,5,3.780237735019398,0.460747181490323,3,2.6147367418368495,31.897993430072404,3,0
82.0,9,6,3,2,5.97498123910567,0.5581176660452564,3,2.4257920184583175,31.0017333161166,3,0
83.0,0,1,8,2,4.803044800114679,0.649371254328894,1,2.203822620217387,29.47135459607221,8,1
83.0,1,9,4,10,3.4853503738118534,0.7228510380805494,1,2.3976502874671493,29.018083093559735,10,1
83.0,2,5,6,9,6.6450290001375745,0.6509570516509294,1,2.244053856118534,27.64928742425734,7,1
83.0,3,1,4,8,2.3668770862861175,0.7063797274231105,2,2.078638119654433,29.536896862492654,10,1
83.0,4,7,3,12,2.277679276935485,0.5953643589445738,4,2.1667647264948346,32.25383968391106,8,1
83.0,5,9,4,11,7.63448782932212,0.672054666381368,2,2.172245062261134,29.869897033310004,4,0
83.0,6,3,8,8,5.079275950590488,0.7011297659514687,3,2.1071306753877166,32.26157134385201,3,0
83.0,7,10,5,2,6.378120834765832,0.6309722943965151,2,2.0513902035640235,31.00445408375871,4,0
83.0,8,7,8,12,5.229975975558938,0.5514098368824408,2,2.5128956274853658,32.72254070065609,6,1
83.0,9,7,3,2,6.681361499707368,0.6726857230694193,2,2.2703573462040203,26.429274675841892,4,0
84.0,0,8,4,9,5.820325070818351,0.49394477764909267,4,2.8970052646017925,33.06201069275961,1,0
84.0,1,4,8,6,5.770018191791923,0.48059215310625125,5,2.6118737235640177,28.867298090613957,5,1
84.0,2,4,4,4,6.258978753692388,0.5876902528465986,6,2.862645204718037,30.469968725434157,1,0
84.0,3,3,2,12,5.6460653689323435,0.4670962674295156,3,2.6731789984143037,31.069446153216333,3,0
84.0,4,5,8,11,6.95023346374017,0.46828464116045093,1,3.0416833569191724,33.559868778013175,1,1
84.0,5,8,2,8,6.887047808783189,0.5530463420589038,3,2.6198112014124306,36.93364041048466,2,0
84.0,6,7,5,14,2.228921635612263,0.39075470208498997,2,2.9055235220998976,34.354237280929986,4,1
84.0,7,7,6,6,5.7696767543912815,0.4476787479502658,7,3.0384312881600204,30.310433871448943,1,0
84.0,8,8,6,9,7.975138575068974,0.5269898782937413,4,2.6294184648613004,33.22204343789062,3,1
84.0,9,7,4,2,3.0168002533306373,0.48900922051270346,4,2.730866306634902,29.16594418453061,4,1
85.0,0,5,6,8,5.7556106853167055,0.6266340257887675,0,2.589847928785048,33.03452001418037,3,1
85.0,1,5,2,3,4.277545482528406,0.8109002312178506,0,2.1552496608441483,28.245394416277545,3,1
85.0,2,6,3,4,5.7003796122524335,0.7015478574867401,5,1.942113954048658,27.482867437678383,6,1
85.0,3,6,2,3,4.270132544376125,0.645960078651453,2,1.9471515224140765,22.839886162436976,8,1
85.0,4,1,4,14,5.528328595080893,0.666341732638279,3,1.968138976082948,31.79580589210594,8,1
85.0,5,10,3,3,4.6556301786856,0.595060011150263,1,2.1356729993240147,22.76205772083295,5,1
85.0,6,3,2,9,4.561320174254996,0.7281167469286253,3,2.006784129255455,26.390666183507935,3,0
85.0,7,7,3,6,6.676017591916922,0.6187223930660674,2,2.06119002168843,28.851954252318432,11,1
85.0,8,9,2,12,4.544313111286954,0.5157413407880997,3,2.3963248184041395,34.105370359196385,2,0
85.0,9,10,5,14,6.665855418066134,0.5283437174392996,5,2.1493874859923556,33.177258055606885,2,0
86.0,0,6,5,8,5.4472262871572354,0.4513771896754441,3,2.464390699130397,29.767974257276702,5,1
86.0,1,5,2,7,4.078361408300654,0.4259813663560422,2,2.6863383830409147,28.511731558172947,4,1
86.0,2,7,8,11,5.230855859976236,0.38110468185467206,4,2.8798275204351667,33.5138866289563,0,0
86.0,3,10,3,5,4.43075644002116,0.46408985451180096,2,2.7576889006756766,33.20077299373881,2,1
86.0,4,4,4,9,4.228603703880394,0.4462585104772729,4,2.873830815389299,27.281765946003183,2,0
86.0,5,9,8,6,6.011530511349678,0.35534567282138696,7,2.9388726443113593,34.49476292483397,4,1
86.0,6,2,2,6,3.64608431693214,0.4888334452150278,2,2.6629283702185624,24.96508377680282,4,1
86.0,7,2,2,10,5.562050446387411,0.5357103932314832,2,2.2955126788209634,21.78523919416267,3,1
86.0,8,8,2,9,5.223249076369331,0.5379001456654118,3,2.731455449867699,34.1673775021858,0,0
86.0,9,4,8,6,7.8671578028718105,0.4536641585562848,4,2.9960768545796252,32.199374203517344,9,1
87.0,0,9,4,3,6.6490990792045945,0.594066123675296,2,2.730398217376319,33.743630226527586,4,0
87.0,1,7,3,8,3.353323979621746,0.5003571972267237,3,2.2319939086689553,30.96014105306953,3,0
87.0,2,7,3,13,5.540560396928047,0.46970248284182736,1,2.05749462107349,24.179437444557827,0,0
87.0,3,5,8,2,4.360688919341815,0.5650652146072676,2,2.7327527509809846,32.454019253039,6,1
87.0,4,10,4,12,5.386417553063599,0.5362961506623969,4,2.7559821830441433,29.132023400179794,3,0
87.0,5,5,2,9,4.809945844211331,0.5793709916745837,5,2.081806821526327,28.873988587356113,4,0
87.0,6,3,5,8,3.16539757817349,0.4918985493180731,3,2.1258332626740355,30.197202922305692,2,0
87.0,7,4,5,10,7.648553569011633,0.6148135074421691,1,2.27673958543416,31.188901697892447,3,1
87.0,8,1,4,13,5.224303054636208,0.5552224486471552,1,2.2534057796401483,30.4489077843476,3,0
87.0,9,4,8,5,7.656832927937735,0.5239996801222386,4,2.1904847243579906,33.673921660704295,4,0
88.0,0,7,8,5,3.5940707930170235,0.4511547028841615,2,2.971973965189634,42.13887328338798,1,0
88.0,1,2,8,5,7.033286483030726,0.5357067757650176,3,2.500007786791591,27.710654328841418,2,0
88.0,2,5,3,8,3.803791571490053,0.482777059344096,7,2.582001096564623,34.541748274143735,4,0
88.0,3,5,2,12,7.054712456591938,0.5585153448865003,4,2.5332319573521858,31.53914469914215,3,0
88.0,4,6,6,7,7.94283003408354,0.5815691957551173,7,2.4916437179434174,35.15515998746169,2,0
88.0,5,6,3,9,2.922056891009371,0.4906095161539347,5,2.7732712245786106,27.175693061934222,5,1
88.0,6,8,2,9,5.069117344777242,0.4815765890233654,3,2.7010501736763572,29.470600872642766,5,1
88.0,7,3,4,5,6.097650167751982,0.584371470979404,2,2.5334323616357803,25.44174301752092,4,1
88.0,8,4,4,13,2.5039370083349537,0.499348206463375,3,2.8589161533071734,30.42230771335324,1,0
88.0,9,5,5,3,6.811784030135423,0.5499947248802518,4,2.3290673330144522,29.298951103662976,3,0
89.0,0,2,3,10,4.357666636240159,0.5602515441342973,1,2.809384546685626,27.362774866191646,4,1
89.0,1,3,8,7,5.931956428295916,0.5031572949607769,6,2.6975109441210328,29.93011905012558,2,0
89.0,2,7,5,2,2.8824194273020605,0.5614679810094492,1,2.761554121664411,32.62581318691618,3,1
89.0,3,10,8,12,5.081132461474901,0.38823053330038754,4,2.8895234938140053,38.3236276964843,3,1
89.0,4,10,6,7,2.164911168976226,0.4007575029265225,10,2.6648987524646066,36.47253221053745,3,0
89.0,5,1,2,2,4.586638924073224,0.6658743372004221,4,2.1674139616792507,22.54480070326,10,1
89.0,6,5,5,9,2.997291811221445,0.5206552770330259,2,2.269923815694509,32.727657391610066,2,1
89.0,7,6,6,10,4.272238145392263,0.4607826337470811,5,2.440703133328245,31.46448670603402,4,1
89.0,8,9,5,14,7.605418646432834,0.5102999077170938,3,2.677253969673876,31.031246775277513,6,1
89.0,9,6,6,4,4.538314365752089,0.47942360576513776,10,2.482972501046532,36.06591608072464,3,0
90.0,0,4,4,7,5.495734149069477,0.6678400831028588,5,1.9438939263788488,34.8677584804793,4,0
90.0,1,3,8,11,4.375552443041774,0.5426965856740289,5,2.306781354774916,30.20286917928866,4,0
90.0,2,1,6,8,7.84579837312779,0.6951859800325016,3,1.9533282012071438,26.61426040732814,8,1
90.0,3,2,3,3,2.4060412199479,0.6639831363735866,3,2.209728941971107,25.85188872522696,2,0
90.0,4,9,5,8,6.014066148377232,0.4892361674622397,2,2.3837787905445174,25.24850800283012,3,0
90.0,5,7,2,7,5.151054739605344,0.6467063679237377,1,2.2247840487901906,23.294965704587053,3,1
90.0,6,10,8,6,7.00285585323717,0.5722892156815735,2,2.2314445265690632,39.712805598222054,6,1
90.0,7,7,5,10,5.431672174442012,0.5502089142275745,4,2.36968918132208,32.17159246849986,6,1
90.0,8,2,4,5,3.203057141305325,0.6190280683562418,0,2.3508168008580625,24.109731440608698,5,1
90.0,9,10,3,5,4.564963231965921,0.6103342961831554,5,2.33520855055562,31.55797649494055,5,1
91.0,0,7,2,11,7.297714735084983,0.6206859723082765,2,2.225441312877684,22.72785974495207,6,1
91.0,1,8,5,5,7.472359386926045,0.5251655703856342,1,2.4818003762948644,33.4903831256169,8,1
91.0,2,9,3,7,7.755974649403203,0.6888993495759789,2,2.4423769905971717,28.244840922718097,11,1
91.0,3,5,3,11,5.682238891097461,0.527713676636338,1,2.503533903379237,28.494862110701984,4,1
91.0,4,9,2,7,6.3338259759772315,0.5743378431464083,1,2.5382226279011273,29.67665853917706,4,1
91.0,5,5,6,2,3.4090416292135117,0.6409638186542238,1,2.468752294531983,32.90624336507696,5,1
91.0,6,7,2,10,2.2083372085619133,0.5510759553950381,5,2.9314919388061234,28.613989206531578,7,1
91.0,7,6,5,6,5.923662033079558,0.5795854041346002,3,2.6821501437686064,33.78473693291952,2,0
91.0,8,8,3,7,4.366044758565938,0.6119970924339517,4,2.4598105450765946,30.325212906110234,3,1
91.0,9,3,2,8,2.9249362977520486,0.4958746810979167,4,2.4075675139077206,24.56735689592914,7,0
92.0,0,6,5,2,3.247328331578867,0.5704386238700863,0,2.2274903472630556,32.58893130563323,4,1
92.0,1,1,3,12,3.2091620175094544,0.7318038710649575,4,2.2791583549355336,25.69925132351635,8,1
92.0,2,3,4,6,4.772689536210514,0.7083119971652441,4,1.6456410022636327,24.776292555999884,6,1
92.0,3,4,5,7,2.9933810905121243,0.6739046498976198,2,2.0696865403751215,31.199203318742338,6,1
92.0,4,1,6,2,6.6451429502859485,0.7150200390408743,1,1.8897670057013551,22.222321555333608,6,1
92.0,5,10,4,11,5.698137941594149,0.5169209414629325,5,2.6150503558959226,31.963039480703713,2,0
92.0,6,6,8,8,6.733863127113763,0.5791807904932165,3,2.4113489834995723,31.917385172277204,5,1
92.0,7,1,3,7,7.630497653744372,0.6127718278521794,0,2.1146886454187466,25.22596809127292,4,1
92.0,8,4,6,2,6.546872191352696,0.7096108229093324,1,2.026625469436451,33.39156011139451,7,1
92.0,9,6,6,3,6.504135310932331,0.6086187979632798,2,2.63754468888072,30.224201941125724,5,0
93.0,0,1,2,5,5.707838281083844,0.6876815607204849,2,2.0882020319803383,28.43837295146171,10,1
93.0,1,10,3,2,6.30748641033643,0.5775915980164394,2,2.455853106751181,24.8917016363903,5,1
93.0,2,9,4,9,4.046432957420414,0.5581395986424512,4,2.4952448921701147,34.5523845838809,5,1
93.0,3,2,8,8,2.846298141499041,0.5550393623414525,3,2.561244875498879,29.579947531497,5,1
93.0,4,3,8,10,7.207963600016663,0.5664698428371583,1,2.7789654401157264,32.49927857553875,2,0
93.0,5,10,5,2,3.4756232855170945,0.4452824918944591,6,2.5149020796760735,27.072857795946536,3,0
93.0,6,10,2,2,5.183036600537259,0.5757893854921146,2,2.945189970181936,30.473923131153892,4,0
93.0,7,2,6,11,2.284284398336303,0.5438222795759985,4,2.3260563102139846,25.406841284939084,6,1
93.0,8,4,6,2,4.961101920348634,0.5396547437327294,1,2.3100276950606826,35.17295683029902,5,1
93.0,9,9,4,13,7.890903259789035,0.6058100817832468,3,2.573011704019939,29.755082966830212,4,1
94.0,0,4,2,7,3.9714045111027247,0.4571361201185086,3,2.722255454191191,28.017950491939352,2,0
94.0,1,9,3,4,3.9763239319195782,0.32364164370877874,1,3.1410375041906198,31.375104974067394,0,0
94.0,2,9,6,2,7.841043101441417,0.4495782924374522,4,2.6336363172376425,30.12554713487476,0,1
94.0,3,6,8,7,4.948947813557135,0.31915466182394164,4,3.2442050345607427,33.44228084944321,2,1
94.0,4,9,3,14,6.748049144117818,0.29711805598794944,7,3.1926839986120856,33.638974684922985,4,0
94.0,5,1,8,2,7.220858033310423,0.4816707151728493,6,3.331198184369737,32.79501477720865,4,1
94.0,6,3,2,4,7.341874945688851,0.5182380245946616,2,3.0015782768243535,26.180281629752603,5,1
94.0,7,9,6,10,6.752115247640811,0.40284195422506724,7,3.3921979508227977,37.309852931723974,0,0
94.0,8,5,8,3,3.2611106217292622,0.35954241880932425,6,3.3223212009536494,32.760759407842585,2,0
94.0,9,4,5,3,6.545502996314344,0.4960154207567187,8,2.6647000536723278,29.499280046771123,1,0
95.0,0,9,2,3,2.4439333052114307,0.564349876998138,5,2.3978970887684166,30.037963202274867,7,1
95.0,1,10,8,9,5.250002953094421,0.4198885413533677,4,3.3073251992084836,36.71126573948535,1,0
95.0,2,7,2,2,6.671212226020432,0.6060536785533186,1,1.8454705833398168,26.454158043265522,7,1
95.0,3,9,2,7,7.436645599171243,0.5275240686496613,3,2.205895578160967,31.14803330543277,5,0
95.0,4,10,3,9,4.536940177339526,0.5246536908951539,2,2.6649309726993655,33.006788116939234,3,0
95.0,5,3,6,7,4.596029203506165,0.5683498123584007,4,2.1912882324540353,31.774850430225303,4,0
95.0,6,6,3,14,7.983923669838623,0.5991660910633485,2,2.0974422881217674,24.468784092637854,5,1
95.0,7,9,8,6,7.939673660454339,0.47941757036010857,5,2.8780044201300017,33.42737602734179,1,0
95.0,8,4,2,11,5.66217061593144,0.5620892985404901,3,2.157317058979365,28.50203761801026,6,1
95.0,9,8,8,14,7.672148806739195,0.44728545124008734,2,2.704582609323797,34.89173989071995,0,0
96.0,0,1,8,8,6.9598986527843545,0.5716433793026889,5,2.181606371660798,32.525906397585445,6,0
96.0,1,5,3,2,3.4154052001897304,0.6845987127935872,0,2.0547187101668594,32.60840037490708,9,1
96.0,2,8,2,4,5.7739303233461134,0.61489055785154,2,2.280307001133124,23.695644278520753,7,1
96.0,3,9,8,9,6.902482324650159,0.5693685722229284,4,2.7496942199461354,29.34948576826941,4,1
96.0,4,9,5,14,5.546372468293935,0.4984647778798994,4,2.4504910777822677,30.210923885037886,5,1
96.0,5,1,4,5,3.7254304933515705,0.6365164032120818,4,2.1992053894778842,21.522513033022012,7,1
96.0,6,1,5,3,5.133736839867032,0.6188636380100495,0,2.121971668892407,26.765895430710977,6,1
96.0,7,1,3,12,4.341734605036002,0.6827631758496124,2,2.1694902847846964,25.547517036324262,4,0
96.0,8,1,4,6,7.4908474175299204,0.6665603842884231,0,1.7287600415022184,22.706919172842692,7,1
96.0,9,6,6,7,3.0355147642956326,0.5635114985007044,4,2.4526864273104154,32.74512593878214,6,1
97.0,0,8,2,7,2.910038843260188,0.5689364169670651,3,2.092029740227588,33.761878089628105,5,0
97.0,1,1,4,14,4.663601898218675,0.6034031573081108,4,2.4252292309213734,24.56054976418478,6,0
97.0,2,9,6,9,2.769692641695989,0.5235118405206122,3,2.4268293927324804,32.96473267562097,4,1
97.0,3,3,4,13,6.695977561376648,0.7518188175838441,2,2.384000591913427,36.15140465972208,5,1
97.0,4,3,5,8,2.493209536891602,0.5692693905150618,3,1.9345935604665097,23.419051956353407,5,1
97.0,5,7,3,10,3.8642253123075028,0.5402852952373985,4,1.8777685661265142,29.45980115333324,5,0
97.0,6,2,2,13,2.4178178958503636,0.7483637989017085,2,2.4827885490105444,23.749425608425337,4,1
97.0,7,4,5,13,7.771895720002038,0.6457321708596722,5,2.525380286171704,30.817447490497106,4,0
97.0,8,7,5,7,4.5449052803495995,0.5468891992841357,5,2.1493318405345088,27.327455678407244,4,0
97.0,9,8,2,12,6.8935218830946114,0.6159556607418682,1,2.440840412298885,31.684218997858157,8,1
98.0,0,10,8,10,2.6338570932214513,0.5763347698513944,5,2.7485981017313623,30.8262110420322,4,1
98.0,1,3,6,4,6.230127556981152,0.5605835487817161,1,2.112839546742014,23.811219259385574,4,0
98.0,2,8,8,9,5.155357811473999,0.42992588577007484,2,2.757977534769357,33.34245459326486,7,1
98.0,3,3,5,10,3.3698625537510685,0.633821289466244,1,2.292305221747087,31.179548270218056,7,1
98.0,4,9,2,12,7.8595240352023055,0.5999898210788133,1,2.3989666035586983,31.20783349239463,3,0
98.0,5,9,5,4,2.181899626010933,0.5545383494036146,6,2.4281282596871314,35.69603632412543,9,1
98.0,6,7,2,5,5.757806568643195,0.6022804390036501,2,2.002555149411336,33.13602784207018,8,1
98.0,7,9,5,5,2.892449059228985,0.5581627758172366,2,2.3732590297809866,38.6666178577928,7,1
98.0,8,1,4,7,4.139452995697235,0.6909068119475511,3,1.8611457229041837,27.216311839898427,6,1
98.0,9,10,3,3,5.1011511532239044,0.6772735465369936,5,2.3468230577542553,28.71119950050475,5,1
99.0,0,7,6,3,7.396199173525561,0.6452500729691184,0,3.0382480257435076,33.825150523390796,6,1
99.0,1,3,2,11,7.823253536934558,0.6682886047490375,2,2.211524106825333,26.411078293608643,5,0
99.0,2,6,6,10,5.292207533637418,0.5593472553169202,1,2.706988087228195,28.485736380617467,3,1
99.0,3,2,2,7,5.244609396964018,0.6683727547782036,7,2.1161185417760677,24.69255939944281,4,0
99.0,4,1,8,13,5.131237836589381,0.5379941577139372,2,2.56437716574091,28.385577283571482,2,0
99.0,5,4,3,5,7.393274243475949,0.6621990127736836,3,2.33844830281237,24.10744421602588,2,0
99.0,6,7,6,9,7.3085414615747455,0.5970151719679712,4,2.459214836062947,27.977660449419812,4,1
99.0,7,1,4,11,3.7825319191234446,0.6913764578216441,4,2.2547510425397945,31.751724359333885,3,0
99.0,8,7,4,5,5.442615833476183,0.5607634075433521,4,2.5078238203424426,30.5862403422199,7,1
99.0,9,8,4,14,4.134982272005965,0.5590616974179425,3,2.5591933323755143,32.96555722331762,2,0
100.0,0,2,6,12,6.935502392968593,0.45246695475246324,4,2.760906538329503,30.18598746823107,3,0
100.0,1,7,3,9,4.719707878025949,0.48921542604417,3,2.6224506553408755,24.27015658376915,1,0
100.0,2,9,6,6,5.761590985579145,0.4667617220160052,6,2.907017795544514,38.77499899021768,2,0
100.0,3,2,5,13,5.2040138344849955,0.4990866742835424,3,2.7951000865359643,33.63089640021671,3,0
100.0,4,7,8,4,3.9131226236892553,0.4199729633761513,2,2.966537561980788,31.85128225140725,1,0
100.0,5,1,6,8,7.263681388108201,0.5840588353481186,1,2.6328708165936785,29.740608011674706,3,1
100.0,6,6,2,8,7.363338576333149,0.5327401181390066,6,2.7436143580865213,27.106465248159424,5,0
100.0,7,6,2,9,5.61325078548922,0.5118142557513718,4,2.757803556138788,28.11916746484469,1,0
100.0,8,6,3,12,2.8461487316020144,0.48131218840046747,4,2.8141094035353733,36.959718999385515,3,0
100.0,9,9,5,10,2.507195691761434,0.5139202540017923,4,3.0756807084551276,34.992106013610034,0,0
101.0,0,9,5,12,7.770744485757344,0.45281383722653745,0,2.5309813119634326,33.50120852452456,4,1
101.0,1,1,8,10,7.669452120499482,0.5570607000477361,4,2.80224935710591,30.667390558960985,2,0
101.0,2,3,2,3,7.168687528426089,0.641149537699198,1,2.2093250543330103,27.206213786152123,8,1
101.0,3,2,4,10,6.324951368496805,0.6311190520290988,1,2.46206600319215,27.026150714890434,5,1
101.0,4,4,5,6,3.3378648487260882,0.47446466285653266,10,2.6473684762422747,33.751752648299025,2,0
101.0,5,6,4,5,7.982976885676742,0.6166698404562587,5,2.5068189917777723,23.472394224236524,10,1
101.0,6,7,8,7,2.024363517721254,0.4246535999683967,6,3.165284046711736,31.998877633372032,2,0
101.0,7,3,6,2,4.114908365588371,0.5294828398475403,2,2.4732034736010124,26.489142573987635,4,0
101.0,8,3,8,8,4.264090739838875,0.55082563561042,2,2.7125601743554344,29.36482621294405,0,0
101.0,9,4,8,11,3.4331592777993514,0.5140763786998229,2,2.694068513726089,34.08467864320688,1,0
102.0,0,2,6,12,5.497316009283306,0.5751800597054454,4,2.8110621372738307,31.19621292428756,2,0
102.0,1,2,8,4,6.191678007552321,0.47173956244089954,4,2.6457288797257843,24.19415997903252,3,0
102.0,2,2,2,5,4.994499806387151,0.6571515899945833,2,2.6097149249060045,28.223791560908612,4,1
102.0,3,7,6,10,3.3296551294349053,0.37874824792318557,4,3.3359383121467103,33.557405232863005,3,0
102.0,4,10,3,3,4.799637595557092,0.514078568711639,1,2.393405872718282,30.286569585064257,4,1
102.0,5,3,8,11,2.0068757037695377,0.4523090544783948,5,2.8681424823893957,38.89014886543034,3,0
102.0,6,5,3,9,7.195795721004923,0.5489249682387901,3,2.6174645609588163,33.212152091966054,3,0
102.0,7,3,3,10,2.0839604610227758,0.4782899008469283,5,2.9500359598973604,28.382408396420658,5,0
102.0,8,1,6,7,3.6795777299386607,0.5567039275251305,4,2.472434736092343,26.520346755829337,2,0
102.0,9,7,8,3,6.891099393756517,0.5008295317441158,5,2.7775192444216943,27.776958021126003,5,1
103.0,0,9,4,3,7.2717295808454345,0.5892190055318547,3,2.5630406942178876,31.371666022660513,4,0
103.0,1,8,6,12,2.9756024504221914,0.5572261383758735,1,2.611153539859074,35.461963344176155,4,1
103.0,2,2,5,4,6.384409414434119,0.6616082539413789,1,1.7245944914629712,21.83548246094123,12,1
103.0,3,4,8,8,4.539037037160529,0.579836835769977,3,2.5210291835774696,25.31508386104555,3,0
103.0,4,3,2,14,5.708543738989943,0.6403687569199794,2,2.029693290173753,25.67458588307035,3,0
103.0,5,3,3,6,5.541000426876247,0.7192597075860159,4,1.9192164344561264,21.115683567729285,3,0
103.0,6,8,5,5,3.594641940904612,0.434474669357499,4,2.834793680359762,35.50697158615901,4,0
103.0,7,8,6,6,5.271266472904401,0.6119371913458198,7,2.6821529511072972,30.21456877067029,7,1
103.0,8,1,2,2,5.859643962861775,0.7117374478662042,3,1.3956892137569656,21.40748050291948,4,0
103.0,9,1,2,12,5.2769275472431785,0.6846536506264781,1,2.3822784449317513,24.529022092783375,8,1
104.0,0,8,4,5,2.9039493919335095,0.5714319288915906,2,2.728248883986083,28.0299224695368,2,0
104.0,1,2,2,9,3.4110132173701198,0.6341435060825759,5,2.185179749624813,29.186272154710355,4,0
104.0,2,4,6,7,6.883728702810338,0.5564501527752027,3,2.4886653659431763,28.72989421146125,6,1
104.0,3,3,6,7,3.420810620362704,0.6415986028397127,3,2.343997223609572,27.752872122619628,6,1
104.0,4,9,6,6,4.734237706521785,0.49112248911421597,3,2.637380272975105,25.93916119482933,3,0
104.0,5,7,4,6,3.6920500206383364,0.5685456842329888,2,2.533166304077297,30.512103766689833,2,0
104.0,6,10,4,4,4.688546676775519,0.4940223800002451,4,2.6131707701089764,34.13007298007735,4,0
104.0,7,6,4,14,7.764450930372014,0.6033433463436866,2,2.510550806457279,31.11183183817857,2,0
104.0,8,9,3,14,7.268700332634092,0.5479253773518639,4,2.8210755989669,27.567879546042626,3,0
104.0,9,5,2,14,2.6048287092113456,0.5629331961976227,3,2.277850574404333,26.120262518104102,4,1
105.0,0,9,5,11,4.614961467917755,0.5398763771746516,3,2.2985611784459974,30.983762709625793,3,0
105.0,1,6,8,5,6.814416690331923,0.529251430436872,4,2.5631627773316827,33.52815361553274,6,0
105.0,2,9,8,14,2.718670279301366,0.5078106172014213,3,2.5117388308632194,33.41622563013809,4,1
105.0,3,5,2,8,6.847360141607028,0.7452648905429331,2,2.48047162580518,27.965613623559747,8,1
105.0,4,7,8,6,7.82639499264379,0.570930462509335,3,2.371437216254682,27.195021583846287,5,1
105.0,5,1,3,7,7.275494258466709,0.7197612028946252,1,2.0920667179634327,20.930751430113332,6,1
105.0,6,4,3,8,2.6880874542720212,0.5962919336397187,1,2.3229675170149218,24.615631801125335,1,0
105.0,7,10,8,12,3.403206461824258,0.5243615608103026,1,2.844811459521972,37.58452558180406,1,1
105.0,8,2,8,3,7.15410892622461,0.7189298373648737,3,2.4659548309496517,29.0808155839246,4,0
105.0,9,10,4,12,2.912358366668194,0.46897483183368255,2,2.53524682917252,26.641417809770058,1,0
106.0,0,9,3,10,2.6174704557369495,0.4599443840074524,0,2.5023318170623208,33.806713390610575,4,1
106.0,1,6,5,12,6.684955000465569,0.46127704502115613,5,2.57623106295881,32.65662341558481,3,0
106.0,2,8,4,7,4.84788894669083,0.48523195971472827,3,2.8281997944575177,31.63165328002451,2,0
106.0,3,9,3,13,5.1012221099105615,0.4610066559998558,2,2.8505983204273595,33.995311814756626,2,0
106.0,4,2,2,14,2.803237814676471,0.5193456364601856,1,2.7625993304290226,29.94429147072202,5,1
106.0,5,6,5,8,7.336436702609388,0.48977931506916467,6,2.8121980286669364,36.45363401975519,3,0
106.0,6,3,3,14,3.6279382858765503,0.3605661306590424,1,2.433114667601799,31.689395648334465,2,0
106.0,7,9,2,4,4.632423245062472,0.48592418073548754,3,2.700324412289272,27.747475226791728,4,0
106.0,8,9,4,12,6.230489785012011,0.5121083249869282,3,2.992363152211081,33.361154554474886,0,0
106.0,9,3,2,13,7.257836178000764,0.6923326428771148,3,2.554766481801199,25.383488323280915,8,1
107.0,0,8,3,12,6.2913757386577895,0.5454411212539306,7,2.5638394780988487,33.01626772056221,8,1
107.0,1,10,4,7,3.9990989329761613,0.4835983843893204,5,2.72304523726225,34.00058570279901,1,0
107.0,2,8,6,8,4.657149857476514,0.5791422282859907,8,2.76089532833424,33.38976937442665,1,0
107.0,3,1,2,3,3.6966908336181756,0.7097264576157959,2,2.3028993911848525,25.393350198586326,11,1
107.0,4,3,2,14,2.458664053701695,0.5217221449572842,0,2.4613150389743756,33.7490220827028,3,1
107.0,5,2,4,3,4.764202628822943,0.5490610976076606,4,2.6203819458071402,30.568648834198157,0,0
107.0,6,7,8,8,3.0898594193462965,0.5614926822935385,4,2.711413012069941,35.31468080790762,4,1
107.0,7,4,6,6,4.97778254984169,0.5752555228630446,4,2.4677017761889775,29.063732635812762,4,1
107.0,8,1,2,4,3.8947123006392736,0.6860013758443987,6,2.3715354061730434,24.071542119424812,6,0
107.0,9,7,8,12,3.9795801250548486,0.4139416047042578,2,2.6721310810232484,31.47837724916375,1,0
108.0,0,3,5,13,4.634259562816718,0.49925068879227147,4,2.4421131853188482,27.8417773746605,2,0
108.0,1,3,3,7,6.916218907606152,0.5676011960980121,0,2.5491002038081225,22.519196991937466,5,1
108.0,2,8,2,4,3.9568983027161693,0.5081285699937299,2,2.5777914402957314,32.65643573671773,6,1
108.0,3,6,5,13,3.9148370932051595,0.492959600023552,2,2.7302459025373906,31.940627993373113,3,1
108.0,4,6,3,2,6.893726184652946,0.5291551115028943,1,2.6729416246061324,30.042410357611402,8,1
108.0,5,1,2,14,4.831610316717877,0.5645708053476339,2,2.376492426361783,27.401927286363982,3,0
108.0,6,3,2,4,4.076771240429528,0.5860730841232472,2,2.1929035354812085,21.125270777891533,5,1
108.0,7,3,2,9,6.871199720540407,0.5428190388471368,2,2.398829755717671,25.14469782621887,6,1
108.0,8,8,2,5,5.9010753333096035,0.5048406673005347,3,2.747804305019074,31.354132291663326,2,0
108.0,9,4,2,10,6.674587638759021,0.52659184236856,3,2.3404106784951773,24.607669461099817,10,1
109.0,0,8,3,4,6.6333582403140765,0.6504337941239198,1,2.0564170492323584,23.042640343364546,4,0
109.0,1,10,8,10,2.3534519663939966,0.6130384948237841,3,2.5974664029325036,33.359719697673,3,1
109.0,2,4,2,7,7.768825307148495,0.638204083739453,2,1.9381936745393753,27.878298331277097,6,0
109.0,3,4,5,11,5.414783016274647,0.7167583912986928,2,2.4751611654282986,31.119471780141076,5,0
109.0,4,9,5,13,7.198692683805586,0.6169809685453838,4,2.279559780025242,35.70617588765746,5,0
109.0,5,2,5,3,2.982141703422819,0.756414413707578,2,1.8006293839786414,26.1070549037978,9,1
109.0,6,5,5,14,2.192223600618369,0.6292663591728558,2,2.16761993572611,30.83942609986944,7,1
109.0,7,5,3,10,2.651892674797583,0.6877395988841453,1,2.306789063541009,28.511427109624435,8,1
109.0,8,10,6,13,5.2240735304780035,0.5151682823516126,4,2.3576975143142356,39.0443516971581,4,0
109.0,9,8,4,14,6.399887967595436,0.6430474689795965,4,2.1674300645300946,27.65063338883888,8,1
110.0,0,9,8,2,7.087626546551771,0.7435935021434683,5,2.037935923784891,29.6643168360504,8,1
110.0,1,8,5,2,4.009257760877203,0.610325199932081,4,1.459491669530045,35.311858671465856,8,1
110.0,2,5,5,10,6.887472356016013,0.6553373742649276,4,2.2729667045329953,27.175533576548915,9,1
110.0,3,2,5,9,6.01107908880693,0.7114738875833209,1,1.8672957449819316,25.295611540695006,5,1
110.0,4,3,5,14,2.865814894471119,0.6969189930879759,3,1.7936428318596622,34.03698347019393,6,1
110.0,5,7,3,7,3.3198812293890887,0.7726457747745122,3,2.021531389866645,27.543869174800815,13,1
110.0,6,8,4,11,6.498478151770366,0.5903257898476537,3,2.0242673267968496,27.084369380876087,3,0
110.0,7,3,4,11,4.40862897199319,0.72023884879753,1,2.4639292565737207,30.201493675945095,13,1
110.0,8,3,4,8,2.5493104145074765,0.6593854853027001,2,2.092885772597973,30.753916451726923,7,0
110.0,9,6,5,6,5.214558797111019,0.7313881449442166,2,2.0424556199390387,26.97934195320577,6,1
111.0,0,8,8,9,7.890677619667937,0.3381051593002095,9,3.167768627431246,35.279154289740084,0,0
111.0,1,4,2,5,3.856201202817867,0.3483352593867088,5,2.602949332531362,30.375596092798432,3,0
111.0,2,9,8,9,6.429564084494246,0.353651949436363,1,3.095660645111248,39.23672433319854,3,1
111.0,3,8,4,9,7.1953165443784,0.37085362670250854,2,2.99948897155868,32.56997924358324,0,0
111.0,4,8,2,13,7.934612087235918,0.5169186557213831,9,2.6745928006035196,31.102381668702844,1,1
111.0,5,10,5,8,6.382217955127734,0.4251542678056877,2,3.6812484503412906,32.95207071893321,3,1
111.0,6,6,6,13,7.553981457925349,0.22000497041832445,4,3.1669982089130486,33.839197487192465,1,0
111.0,7,9,6,13,6.0147241014005655,0.2960290905797628,2,3.1513128137766793,33.66649731824924,1,1
111.0,8,7,6,12,5.881636694483831,0.3754203688254483,5,3.247884001584765,27.94829130228921,1,1
111.0,9,3,5,3,7.687107731204794,0.4238338533091511,1,2.862186971987976,29.42624262011393,4,1
112.0,0,8,4,9,2.138380321983362,0.4889640120286001,3,2.7322175078998083,38.51289482933041,3,1
112.0,1,6,2,7,2.5585759912581025,0.4252327225915925,4,2.952817373476266,34.620361215223994,2,0
112.0,2,3,6,3,7.531198613090156,0.49188572569773653,4,2.639720100816099,36.91409684269428,6,1
112.0,3,3,4,8,7.401872846543801,0.44816526934403844,4,2.506289310120819,30.537739904189284,2,0
112.0,4,2,4,2,6.565841387189919,0.5730840878412629,0,2.5621171233621345,33.63014771102173,3,1
112.0,5,3,2,5,5.838719772599478,0.5213710428994726,2,2.2317218167340855,27.36248733537854,4,1
112.0,6,10,3,11,7.105584964599446,0.3927855664439778,3,2.947533439128908,28.211906219070336,2,0
112.0,7,3,2,7,5.864139299813287,0.6813247223628238,2,2.576346648471453,28.97174417504544,3,1
112.0,8,2,6,8,2.5833465075585487,0.4559983417039025,3,2.791173382017027,29.30607294922708,3,1
112.0,9,3,6,2,7.1518728029749035,0.46833310676488576,3,2.723367447258261,26.192052355199557,3,0
113.0,0,8,6,12,3.472904642883648,0.39796473879532385,4,2.9641479354847475,44.737244210416364,1,0
113.0,1,4,8,9,4.837651181250289,0.4899254589330716,2,3.13043884771054,32.015385670099676,5,1
113.0,2,5,6,12,6.230162573315169,0.5035325331118751,2,3.031153977749302,33.68769330046939,1,1
113.0,3,4,8,12,5.09281141409605,0.3598287268851875,5,3.027245294413779,36.74589252324988,2,0
113.0,4,3,4,11,4.78162593374532,0.5058439894626915,4,2.7409154327777756,28.989823721090342,2,1
113.0,5,3,5,13,7.54372945894958,0.4133637115798714,3,2.616529607619511,27.132721588356866,0,0
113.0,6,7,5,13,5.004233542963312,0.44175698659721846,4,2.5524532741869046,37.24391059462921,1,1
113.0,7,2,6,2,7.034411452506098,0.5154267090966665,4,2.86298536500226,26.46902057534648,6,1
113.0,8,6,3,2,6.299163057328428,0.5347690938233844,1,3.027672389061575,31.17643281399955,4,1
113.0,9,1,4,3,3.596899681578388,0.5030246615476474,2,2.7381466515051534,24.956800127832672,3,0
114.0,0,3,2,5,6.927750708915967,0.509765321685568,2,2.7474250619714105,31.21734720476228,4,1
114.0,1,7,4,12,3.6306830071471836,0.3130274753909723,11,3.047924880494749,31.051701865286557,1,0
114.0,2,4,6,5,7.1300660540223895,0.44713032964664756,1,3.0952224109902002,31.79497144283118,1,1
114.0,3,8,6,7,6.86931758406692,0.33010934012227305,5,3.118721267182423,32.67300404792781,2,0
114.0,4,2,4,2,4.96800969336406,0.4948329879977852,2,2.630055732447315,34.38202754887302,2,1
114.0,5,3,2,9,5.2224452954199565,0.47993001998226853,6,2.74062736158675,33.73135381547195,2,0
114.0,6,9,6,8,2.2545844234918673,0.38430457654957173,4,3.515367959635752,32.11479637424857,0,1
114.0,7,5,4,12,7.838788330169583,0.38008604723725825,4,2.567458023608708,27.656630746766083,1,0
114.0,8,4,8,12,5.595182546126649,0.41219722018452887,10,3.3887415846705373,42.81772701644916,0,0
114.0,9,1,8,6,4.399451779762644,0.39034802988420164,7,3.027063085431159,31.642258850141925,4,1
115.0,0,6,5,11,7.882769810658984,0.6259923963994617,2,2.270639862614852,29.471611347235307,2,0
115.0,1,9,5,8,5.0229205923242475,0.5748589610141268,2,2.7564237364550555,26.938732226657713,0,0
115.0,2,8,8,8,4.451292394853988,0.557221912032,2,2.248544559887004,34.28880816240031,4,1
115.0,3,2,6,10,6.191691836066726,0.6133755376209464,3,2.023311538352418,31.65255308930658,5,0
115.0,4,2,2,6,6.507150737343886,0.747386027021012,2,1.799782454053997,25.281750983584228,8,1
115.0,5,9,3,13,4.231095816223753,0.6025098409916042,5,2.264817972478019,28.54707686376923,3,0
115.0,6,4,3,3,3.705355103825255,0.7138620319686075,2,2.0714515950961414,17.46459480187857,2,0
115.0,7,10,4,9,7.97170041885038,0.5872440089675783,3,2.475807846403513,29.11726247932402,4,0
115.0,8,2,5,5,4.584451849287772,0.6767237852549458,1,2.22904593593767,31.860552028374105,4,0
115.0,9,5,6,13,2.358430434387566,0.5046523181806922,4,2.501613533927498,33.845383659421785,6,0
116.0,0,9,6,6,6.805924452197259,0.5478729473281678,3,2.583945922191287,29.63161582982378,5,0
116.0,1,1,5,6,3.2516333122092043,0.6402960596216096,2,1.880144644007211,32.04098677320872,7,1
116.0,2,6,2,5,3.532468255896249,0.7265362600624341,2,2.4362164474465793,24.669798790746782,6,1
116.0,3,4,8,3,7.247477098324055,0.6533969930615485,0,1.6679455914087171,35.13615930872063,5,1
116.0,4,8,3,14,2.319978756180801,0.5542743018644821,2,2.322404253043592,33.29520794253813,2,0
116.0,5,6,8,4,6.470909921160715,0.6129862118821287,2,2.296645623146451,29.473340666916897,4,1
116.0,6,8,6,6,3.22544573148897,0.5211889266540213,3,2.6348430733271178,30.9168624071442,4,0
116.0,7,5,5,3,2.934498558793666,0.6152233437507559,1,2.1711880113091366,22.943957937090047,5,1
116.0,8,8,6,2,7.378187372486581,0.6920655871674581,1,2.084194981611275,33.540876702927015,7,1
116.0,9,3,5,12,3.1036862369637297,0.5732706750116892,4,2.3012244348043156,32.41542597252761,3,0
117.0,0,1,4,9,3.900038029743297,0.6213197035491693,4,2.085060397589029,26.64404680071144,7,1
117.0,1,10,6,9,4.824147305842675,0.6002101066408277,2,2.8340984777583276,27.715827971379753,3,1
117.0,2,2,4,7,6.043391227164321,0.7159547944096422,1,2.44009640708927,28.07041116297074,4,1
117.0,3,1,8,3,2.177316745649711,0.7025504112528522,5,2.3159004498321965,29.395257019909323,2,0
117.0,4,2,8,9,4.7996817368127545,0.6431666545438809,4,2.0654051965309304,24.568368909845898,2,0
117.0,5,4,5,14,4.5833567838799665,0.6172649161984368,4,2.191255479852644,25.172367433417897,5,1
117.0,6,7,4,2,3.0467961056863384,0.6383054655669926,2,1.9719435782601802,24.63323859736994,2,0
117.0,7,5,5,3,7.391938302526674,0.6746292329304814,4,2.190600754693903,25.996903099273887,9,1
117.0,8,2,8,8,2.6019169951596766,0.5440559505334673,2,2.665142251486213,23.57890263573475,3,0
117.0,9,3,2,7,5.470686535116178,0.7043617723023886,1,2.095727846145892,28.884522790250752,3,0
118.0,0,3,4,14,6.494048325490869,0.6118731723344182,2,2.2908054522263623,36.77801778110144,3,0
118.0,1,9,6,5,7.910571718038434,0.5318728417829209,2,2.661674690360306,27.579463675465757,3,0
118.0,2,5,8,2,4.3794713678694634,0.5528755068013909,3,2.6379019326101827,31.510947146541447,5,1
118.0,3,7,4,12,2.9574633967202812,0.5602354332457066,6,2.2662188184729444,29.84048910026408,2,0
118.0,4,1,2,12,5.473933495992141,0.7209226525490204,1,2.5170882083683646,29.430762451188073,5,1
118.0,5,10,6,10,5.72858575436473,0.49210981525081654,2,2.640426760505631,38.63242382254389,3,0
118.0,6,9,8,3,3.483506539302689,0.4727807113170106,2,2.858396643844798,32.15732661446327,4,1
118.0,7,5,6,13,5.6377848334823915,0.5454967004900678,3,2.5157079910579725,32.78456222558741,2,0
118.0,8,6,4,9,2.6146526973959205,0.5130364164532301,2,2.7490038375581656,31.902408094707905,5,0
118.0,9,8,5,5,3.5725633830797223,0.5311748252589585,4,2.672923549915988,33.08040536267592,4,0
119.0,0,2,4,5,7.947774841402387,0.5944385524925196,1,2.0318242105382636,23.462742829969724,4,0
119.0,1,10,2,12,7.978933197060923,0.6015257296557385,5,2.5751048977541164,31.147541778651256,1,0
119.0,2,10,6,9,5.743175249703976,0.44843152395763575,5,2.900208172359308,32.003829116651595,5,0
119.0,3,9,8,5,7.689462279815919,0.503739883623061,4,2.6294625049154585,33.681313051289905,3,0
119.0,4,7,4,7,5.090509656305806,0.6010293253533779,4,2.6847451342633475,30.619077873338824,2,0
119.0,5,9,6,8,7.742180630258962,0.5373930613227914,2,2.4733187170833655,31.71731119107293,2,0
119.0,6,6,8,3,5.3886103951480395,0.5567200083109919,4,2.43420168671343,31.38979964846302,4,1
119.0,7,7,6,8,6.594824528185327,0.496767214965903,4,2.381720264215834,36.83641713275547,7,1
119.0,8,2,8,7,6.145506931646197,0.5658590167960057,2,2.726567567757326,35.17086890850104,3,0
119.0,9,8,3,14,2.4023937712482537,0.4865482220109104,5,2.8097550134439544,37.648047923819966,5,0
120.0,0,2,5,11,5.615806920514931,0.7263100339661716,4,2.0904488824051746,28.75860730515631,4,0
120.0,1,8,4,11,6.174971092172912,0.6165694678255843,4,2.0850136451497474,30.19604316878009,3,0
120.0,2,10,6,11,4.926949101527268,0.5879235522621441,8,2.5603187602640864,28.462687203234946,4,0
120.0,3,3,8,12,3.5592777586988413,0.6441152995973313,2,2.1122946255039494,27.774997378481658,8,1
120.0,4,10,8,14,2.272460936502222,0.5062604509611796,2,2.3813676537004396,31.914528163822325,6,1
120.0,5,8,6,10,6.950181873460668,0.5962447605374114,2,1.9363464295838564,30.175314904167422,10,1
120.0,6,9,2,4,7.2702645181735965,0.823771680608052,0,2.111043506246233,24.986744916329943,6,1
120.0,7,8,6,4,5.730944517834648,0.5561717844769257,3,2.1885750050895845,27.336923552690926,6,0
120.0,8,4,8,9,7.01937821182923,0.5887454409007473,4,1.9885940335325523,25.06356621796847,8,1
120.0,9,3,5,6,4.287144817761481,0.7011261735380623,5,1.6586561816712422,30.208034748154482,5,0
121.0,0,10,5,6,2.655018210525733,0.523226852230221,5,3.1105275583645575,31.345202613217214,3,1
121.0,1,8,3,5,3.3444955494680197,0.5490554655121258,4,2.580437466027971,29.263011856228818,9,1
121.0,2,7,5,13,2.8173396449957897,0.5073427300384674,4,2.7257225074599383,38.95358317035417,2,0
121.0,3,4,2,2,5.65439701552699,0.615573291377452,3,2.167629836700132,30.2322385807604,5,0
121.0,4,6,2,8,6.344953695237993,0.5779886609220157,1,2.2885527416279934,24.555325994872327,4,1
121.0,5,4,8,9,3.823325407824931,0.5036821771379145,5,2.708004120754925,29.907129239269626,4,1
121.0,6,4,8,2,4.818511671796647,0.4783348099873435,1,2.5602342352255842,32.526856298848536,5,1
121.0,7,8,8,13,4.616882599494469,0.368899599282668,4,3.0339030303293373,34.60964462398304,4,1
121.0,8,10,4,8,3.342156588588285,0.5136520601817393,6,3.05078197702667,36.53045193803348,5,1
121.0,9,2,5,10,2.5627900097542993,0.5122244105634622,4,2.2592495601255336,27.591096108629795,3,0
122.0,0,10,4,3,3.306947523971861,0.38927655810254436,7,2.9979749637299524,29.821618745247125,2,0
122.0,1,9,3,3,4.156926403112719,0.4696244848028531,2,2.9349437353431793,30.6225499062645,1,0
122.0,2,1,8,7,7.569710069904446,0.4930660590523606,5,2.7071227284285904,30.316572958163984,1,0
122.0,3,6,5,13,4.033057709498125,0.47767005496685794,4,3.0265572069855415,31.473899170909842,3,1
122.0,4,9,8,13,6.172450174374005,0.3321136611925754,3,3.0694321243576344,28.409324002284485,0,1
122.0,5,9,3,13,6.154471753642046,0.514607801816706,6,3.0783782649942175,33.739311124140094,2,1
122.0,6,5,3,5,3.2356918683031823,0.5699354714808915,1,2.574810061983793,28.73170974111272,1,1
122.0,7,7,3,11,6.727377878268338,0.46133038499444934,3,2.7125157274099814,31.43973682097785,3,1
122.0,8,4,2,11,2.7977136245958016,0.544943995580539,5,2.802692471823869,28.20054589504235,0,0
122.0,9,7,6,10,6.697529917645371,0.43613351903316816,5,2.9248434523763334,28.7924766052791,2,1
123.0,0,1,4,6,6.452425146197482,0.7002470218277987,2,1.9521075046532543,28.072113777232307,7,1
123.0,1,8,6,4,4.348440997139471,0.5743728809658785,2,2.404818294179693,32.665820115158304,5,1
123.0,2,10,2,13,6.162062218711533,0.5545979670695024,8,2.4068777360267473,31.699044221034654,3,0
123.0,3,6,2,9,3.158991266730626,0.609171314954739,1,2.4679025526604454,33.386961755133925,5,1
123.0,4,2,2,10,3.008641167236802,0.6634638460584269,1,2.499211272645258,26.995394691100145,4,0
123.0,5,10,4,8,5.577247775395222,0.6127658927275478,1,2.1794013353570896,29.301201123305994,7,1
123.0,6,6,2,3,5.2738467595613905,0.6751235499195539,4,2.1095365721293495,29.742147209776846,10,1
123.0,7,6,6,11,2.580319001306777,0.5535968496183699,2,2.5084652323585077,36.242594459295795,4,1
123.0,8,6,8,3,5.263429804954303,0.5897952614707154,3,2.3274499114463754,28.73534142855652,3,0
123.0,9,5,8,14,6.582098602698364,0.6036043894756836,4,2.4188108547425164,25.13947996222858,5,1
124.0,0,6,2,5,3.6741061025921984,0.6321777420138576,2,2.2615944662339773,28.98581080287135,3,0
124.0,1,4,3,6,7.957790010915932,0.6890893862737008,5,2.3472494130234143,25.23352708996435,6,1
124.0,2,4,6,10,5.535536437416047,0.5706482312026586,3,2.328779481079043,24.23349383264084,3,1
124.0,3,1,5,2,4.099470249319806,0.6584386113194406,1,1.9743872913368334,24.86228378381509,6,1
124.0,4,4,2,7,5.068152732400105,0.5410581257393963,5,2.4539037217774067,26.313695706949314,4,0
124.0,5,5,2,5,7.9824492614788625,0.5677835574448337,4,2.0636682034159097,24.31018775392507,5,0
124.0,6,9,2,13,6.131611257896666,0.5222803650914262,3,2.1797423755115086,30.85619788804376,3,0
124.0,7,2,4,12,6.436145630432333,0.6468368517975441,3,2.2782156198962253,24.20649792090677,4,1
124.0,8,8,4,7,6.996542335226226,0.5072658683836173,3,2.582081397027907,29.522322836011817,7,1
124.0,9,8,5,4,3.0853962321461967,0.513967491031678,2,2.1649329567860383,32.59336383742516,3,1
125.0,0,4,4,5,7.324911120244015,0.45399468686916766,1,2.728000359885296,33.329696504847426,2,1
125.0,1,1,4,8,7.8991604584886606,0.5899292391387211,7,2.6737823782687022,29.528160274176805,3,1
125.0,2,8,3,13,5.945162208182639,0.3894522802229137,2,2.787258652622934,32.657463551289304,5,1
125.0,3,8,4,10,2.1867208742194904,0.39735817497734194,6,2.9484516375303365,33.62611218535841,1,0
125.0,4,9,6,7,3.98454972320266,0.40219878808713283,5,3.4243890496965417,33.823025373861526,1,1
125.0,5,4,8,11,4.886866158775852,0.3257535731776554,2,3.2373323495494333,34.508340195783546,0,0
125.0,6,8,6,6,7.434100194624952,0.4433663784780073,4,2.8538461462827205,32.19004710154129,1,1
125.0,7,5,6,11,7.891394326867987,0.37258706025451355,4,2.9698950586358217,33.30752001523077,2,0
125.0,8,8,4,13,4.037544448374958,0.39162968277561044,6,2.909634174071119,31.826248081720067,2,1
125.0,9,5,6,11,3.51818926119284,0.4644314331635967,1,3.219809680856228,30.121545632189584,0,1
126.0,0,9,8,12,6.783068349567867,0.40499435051117805,3,3.1469199417268037,35.67523656187547,0,0
126.0,1,2,3,9,3.2002917989217936,0.5806084413615477,2,2.986841733281132,28.123935393611546,2,0
126.0,2,10,4,11,7.770508951027448,0.5660120054460385,4,2.469247546142595,28.79483416539478,2,1
126.0,3,7,8,2,5.085482685697151,0.4701691178658995,6,3.225280202472345,30.381238980575855,4,1
126.0,4,6,3,4,3.1118245011436074,0.5208325175466963,2,2.3294866482838974,23.73301238411098,1,0
126.0,5,4,6,13,3.3426354145112396,0.45207355820074,4,2.709152326611648,34.029714503287046,3,1
126.0,6,2,3,3,6.653749448563006,0.5688491542259656,3,2.295546468603635,27.058142762848725,10,1
126.0,7,8,6,10,6.457925016955735,0.5014006600663338,3,2.7253298312967775,33.41723834635116,2,1
126.0,8,5,3,14,3.279409192673185,0.497232640323828,2,2.617032412453132,36.26092978626936,3,1
126.0,9,9,4,12,4.7389241399617,0.3576483770272427,4,3.022792862849871,38.13037390504919,1,0
127.0,0,9,2,11,4.626257878500435,0.5747179829884248,4,2.3741710375438654,27.990092731769405,2,0
127.0,1,7,4,2,7.557392416104888,0.533445268295881,1,2.0176286582422622,27.846216797538435,7,1
127.0,2,9,6,7,7.875401562981175,0.5256442703289258,4,2.348289278588653,31.020539629819716,4,0
127.0,3,5,8,11,2.013517895677542,0.6561194438108315,2,2.8179616576984508,35.41752768782197,3,1
127.0,4,3,2,14,3.9794057608943865,0.6330119821725515,2,2.199376889436941,22.678555529627165,6,1
127.0,5,10,8,6,6.916387068233248,0.4248114871996926,6,2.778365419806684,31.29444886874563,2,0
127.0,6,5,6,5,5.946544790157213,0.5595148136444794,0,2.6397112241168394,26.23697839070477,2,1
127.0,7,9,3,7,3.841889896959561,0.5840468835829712,3,2.6461733557120244,30.25526320475521,2,0
127.0,8,10,3,11,3.9395088560035467,0.5732625577060544,3,2.393994524918005,29.10263123210018,1,0
127.0,9,2,3,5,3.7415073211454404,0.6092951131282964,2,2.3235620899604985,30.380020464189442,4,0
128.0,0,10,4,6,4.7774461304283,0.5860682684655701,2,2.315744845556532,30.98178095804321,4,0
128.0,1,9,8,4,6.460991714698597,0.6924797595482329,0,2.3240460338537816,31.9909431342664,3,1
128.0,2,7,5,8,5.1869223853955155,0.6378071565131113,4,2.1725597172047855,28.723926532698847,4,0
128.0,3,1,6,10,2.8378212897669677,0.7108236003060957,2,1.9636946794602868,24.00636899905332,2,0
128.0,4,4,6,14,5.349732478624501,0.6879650558875414,3,2.1249667235719953,30.73803433944735,4,0
128.0,5,5,8,2,4.978248847837125,0.577409398957147,2,2.0516937839614524,32.06792110113238,5,0
128.0,6,3,2,4,5.97560301728171,0.8152631733719118,3,1.929220345390391,28.641201034472218,2,0
128.0,7,3,6,3,4.205155007843278,0.6640918106425867,2,1.7172970548512692,28.31080834717693,12,1
128.0,8,1,5,9,3.570459033098614,0.6942030830504284,0,2.0795468021885566,25.68440980534655,6,1
128.0,9,4,2,10,7.2991009421163975,0.7792037391464826,0,1.6880485723983212,26.619069475448054,6,1
129.0,0,6,4,2,6.799211627171265,0.49841317290827003,2,2.417514460659192,29.38036528809795,2,0
129.0,1,2,4,13,6.916997497694108,0.6000256093964789,6,2.733823239717371,28.083359702511558,5,1
129.0,2,1,3,5,7.677927065987251,0.6566432009257103,1,2.046367616966428,29.91456978714448,3,1
129.0,3,2,4,2,7.879641431434676,0.5279601879572535,3,2.087313232402826,28.257377313253894,2,0
129.0,4,2,6,9,3.111429818726325,0.5300392350645149,3,2.8798309762036634,32.94674868735536,5,1
129.0,5,5,3,5,7.025597405034621,0.5477355098645351,3,2.5433995351260585,29.157023036955927,4,0
129.0,6,2,5,4,5.130891938308164,0.58300151767487,2,2.342880450918507,30.214022108414564,0,0
129.0,7,10,3,11,5.5446083574588965,0.5246809951510224,5,2.515001836095619,33.67302587709241,3,1
129.0,8,8,6,14,7.903841349094243,0.4551639912083743,3,2.84323706393403,32.466082881203434,1,0
129.0,9,1,5,12,4.050044239707698,0.5350130625906228,2,2.3667827674481634,32.13942466343275,5,1
130.0,0,1,5,14,4.79753632546097,0.5303121950382198,1,2.831903146102026,29.32238866956704,3,1
130.0,1,1,2,7,6.942035568562472,0.5267960762849307,2,2.2814937920989276,30.90489308994503,2,0
130.0,2,8,4,11,4.17921766865993,0.4745995614876021,7,3.043574298805502,30.969981045923635,2,0
130.0,3,9,5,4,6.325674042024955,0.49039626897767435,6,2.8929184064017344,31.872007390394028,3,1
130.0,4,4,6,8,5.945329255000033,0.45769040326660326,0,2.710116825544451,28.992277519546015,3,1
130.0,5,6,3,4,3.7654614565056495,0.42600130307769113,5,2.5011638260987277,26.874140351325575,3,0
130.0,6,7,5,9,4.853317052014283,0.39826651275264247,5,2.9761360367277607,32.42278557011007,4,0
130.0,7,10,5,7,7.672207848872016,0.4369618139352211,7,3.0124642010611598,31.174833182679496,2,0
130.0,8,2,8,6,4.484167542532164,0.3958368931493283,3,3.179138090651863,30.564546460840802,0,0
130.0,9,4,4,11,2.189404978459288,0.44157259858608294,3,2.675686751670587,31.143680711862636,2,0
131.0,0,1,5,2,4.4975695570962,0.7316986283162771,0,2.0820937955155787,28.189753265380364,6,1
131.0,1,6,6,12,6.649161612179911,0.5051925524200254,3,2.231215441390704,30.781014170343365,2,0
131.0,2,1,8,13,2.836347042382104,0.5910024806670247,2,2.7358926044398313,33.38445222406138,5,1
131.0,3,10,6,5,4.810611672242562,0.5731086574525301,1,2.4739487676478134,29.919646143681934,7,1
131.0,4,8,5,14,7.733865083766777,0.5205564754107097,1,2.3185667049338927,38.610451457117605,5,1
131.0,5,9,5,6,4.7684338030311,0.614026667655524,3,2.2438367937594443,28.62702610693596,6,1
131.0,6,1,5,3,7.564767681460561,0.690407723677164,0,2.2734702041867023,25.16973064230043,3,1
131.0,7,7,4,8,3.6857663190381293,0.6812350196246645,2,2.499672602962631,32.088297315529964,3,0
131.0,8,5,8,14,3.30835570863948,0.5875457337500768,1,2.2900635040390624,31.838504879478744,3,1
131.0,9,1,8,7,3.6728177743161803,0.5701986452563346,2,2.298581196297864,25.888567723297644,8,1
132.0,0,8,2,12,5.647124906646749,0.528910247824545,3,2.7742104726558314,30.203920279585603,5,1
132.0,1,8,2,4,5.977975378393404,0.462273374020978,3,2.960918140641008,28.223786571713852,4,0
132.0,2,5,2,5,7.0100760294517,0.5571983553387885,4,2.598153166153541,27.87322988656007,2,0
132.0,3,10,2,8,5.1244721683171575,0.4586775849251474,6,2.3018328208992487,33.840389785512194,4,1
132.0,4,1,8,2,6.274704588271865,0.4579481402441956,5,2.618467417987064,27.74606155295404,1,0
132.0,5,2,2,10,3.3673585862595603,0.5671324187461444,3,2.450405264001629,34.04385403949705,4,1
132.0,6,7,5,6,6.309452157632722,0.5286143171469236,5,2.5870902319454885,28.75473137523764,5,1
132.0,7,9,6,12,3.972762559960521,0.3175585235351704,5,2.9814810884721186,35.183847814392784,5,1
132.0,8,6,6,12,4.758265810690212,0.41844405864178663,7,2.6974327080935074,35.64531635813379,2,0
132.0,9,1,8,2,7.023053501836927,0.5200233654928864,0,2.5591361966001305,29.86099279543733,5,1
133.0,0,9,8,4,4.104635507606777,0.36291286601057127,2,3.1908700252848528,38.57631373653262,0,1
133.0,1,7,4,10,4.094932408807111,0.42895818110516026,7,3.193591608530252,38.32204888413459,2,1
133.0,2,7,2,13,2.700598158922011,0.3138874281721997,6,2.8645077407968818,32.98422180727982,2,0
133.0,3,7,2,2,3.018770029614076,0.3690620016579386,6,3.033718625507429,30.377298870022106,2,0
133.0,4,10,3,10,5.951038683154377,0.3617342750964942,2,2.918897047063333,34.92355293226344,0,0
133.0,5,3,5,8,7.724122714014654,0.48827077123433366,5,3.039963613767928,30.67898902478388,0,0
133.0,6,7,3,12,7.6826576848735355,0.4510169338833165,2,2.8116563188955594,33.62497651791155,2,1
133.0,7,8,4,8,3.0987407587071063,0.3902138287603208,6,2.996803755636981,36.15684976016802,3,1
133.0,8,4,5,12,5.695060135213958,0.34599971521062706,4,2.651690024549402,32.423035343614956,4,1
133.0,9,10,2,10,5.904782850320477,0.38322939272949813,5,2.702193638811654,34.737063438468475,3,1
134.0,0,3,8,4,3.8717000551148963,0.5888264952228974,5,2.6262992927274142,31.296668610664177,7,1
134.0,1,6,4,7,2.550317691924616,0.5755242442890067,3,2.7987777205151314,28.218805158330543,4,0
134.0,2,4,3,6,4.609828254990203,0.5829711280643882,2,2.309564121766066,30.803811673700807,3,0
134.0,3,6,4,10,3.045006085526728,0.668945171009043,5,2.1395543239895396,25.626677394463126,3,1
134.0,4,9,4,11,3.0296752876938537,0.5516748253332512,3,2.4864717138819485,30.087676135252288,6,1
134.0,5,7,2,7,4.795890692228908,0.6289924763994047,1,2.2824743453831897,31.533179817084104,6,1
134.0,6,3,6,2,7.393946336312563,0.527680798019002,2,1.8692150596271913,29.265359053738933,2,0
134.0,7,1,6,7,4.95006375745076,0.5695831311516805,2,2.1771354619430157,27.085855422734333,5,0
134.0,8,5,6,5,2.4678465411308688,0.6469045152574652,2,2.444430222819419,32.34964741079923,3,1
134.0,9,9,6,3,6.924205017716381,0.7076941803507657,4,2.1811517659828565,27.119460829806826,6,1
135.0,0,5,2,2,6.786239440924261,0.6547260484335372,2,1.9795052411896135,24.32485232239067,6,1
135.0,1,7,2,9,5.480702198252184,0.620179965571775,4,2.629279450795383,25.145637205381792,7,1
135.0,2,3,2,14,6.082113152911349,0.6708998608485494,0,2.2136168393352964,31.759332615164222,13,1
135.0,3,2,2,12,6.697652245272153,0.697229940624134,3,2.027403287497165,26.311691240600002,4,1
135.0,4,10,4,13,6.633932271358196,0.4625694030165168,3,2.612809459444692,36.103858962270316,5,1
135.0,5,7,5,9,7.9755044892643046,0.6013466715303373,6,2.58702341276511,33.593031022319984,3,0
135.0,6,7,3,9,5.2493152842569675,0.5708574678177424,4,2.656210081284696,37.04619177893413,6,1
135.0,7,3,3,14,6.192414230901804,0.5779740994418372,4,2.4226510460810844,33.215906250463505,7,1
135.0,8,3,2,11,2.6591928669162206,0.5874837206718204,2,2.035473490422832,25.78600566090754,1,0
135.0,9,8,5,10,5.022122214168403,0.44381279095664733,2,2.2841640932205176,31.999160719692608,3,0
136.0,0,3,6,10,3.442688752448477,0.6603664152241799,2,2.5209130331774583,31.594910908218267,5,1
136.0,1,10,6,13,4.729318694436988,0.48520802260440277,2,2.6263406341151274,39.817012589253295,1,0
136.0,2,6,5,4,3.3863277172730473,0.500516707092741,2,2.3622287652905745,30.64126917084472,5,1
136.0,3,3,2,8,5.3836506178669215,0.5932371314357046,2,2.4088573381694043,23.603023913598687,7,1
136.0,4,2,6,7,6.576034543859325,0.6108340595452879,2,2.4589400763535147,30.997340656226427,6,1
136.0,5,7,5,5,3.491013965013641,0.5361600557744831,4,2.4893389040032807,30.19253615353894,2,0
136.0,6,7,6,7,7.879641527388826,0.5267922807033695,0,2.3466590642739447,28.67143355421985,2,1
136.0,7,7,4,12,6.737385878905783,0.6003131767762979,2,2.2344770000730794,30.91209821810183,6,1
136.0,8,5,2,10,3.5260082810361704,0.7004135876531825,4,2.3901929196869776,28.17872023250986,8,1
136.0,9,8,8,11,7.417188762749845,0.5414687707324043,5,2.5946407309816624,32.20571296624026,4,1
137.0,0,1,8,4,3.2116023478453286,0.6609957127170378,1,2.3300518283641924,32.429402389958796,2,0
137.0,1,4,3,10,7.147802547449354,0.7423061539661684,3,1.9647130521954168,27.547733030448025,6,1
137.0,2,1,4,4,5.384340040062729,0.6776321317806481,2,1.627287493176617,30.128170090649252,3,0
137.0,3,6,6,10,2.6247485746243635,0.6953064761282306,2,2.4261188059871874,27.122380774028382,3,1
137.0,4,8,8,11,4.480053584892892,0.6123668543767572,0,2.679317941325916,35.77054699717791,4,1
137.0,5,7,4,3,3.0137422466079116,0.5478585753532154,2,2.554694785618829,29.946707609841184,7,0
137.0,6,10,2,2,3.8796843763343682,0.7596132278573589,2,2.1410424581002943,25.643787686421213,6,1
137.0,7,8,4,4,3.769957681903878,0.6130074331219072,0,2.1090798296775852,30.429775828228053,8,1
137.0,8,2,6,3,3.3255066030553437,0.679296615557901,1,2.21166169465987,25.871899469611662,4,1
137.0,9,9,5,14,4.977235279700048,0.5087910045204063,3,2.6811551247227507,33.16108162579102,2,0
138.0,0,4,3,9,7.956206973743074,0.6741864317933539,2,2.129869083386323,26.11396809979883,4,1
138.0,1,7,5,12,3.4934652990794612,0.573128165227443,2,2.6716540835544507,33.909118649009635,2,0
138.0,2,8,3,7,3.5540124307669494,0.547923225654446,1,2.5413511929388664,25.379169350056145,5,1
138.0,3,7,5,11,6.92086440771122,0.5877869104697275,2,2.3402076621807426,33.17328224874647,3,1
138.0,4,3,6,11,7.048249796815977,0.5413560027308357,3,2.236217352664136,25.968217782291447,6,1
138.0,5,3,6,10,5.159958956668495,0.6709103704564879,2,2.562457643028824,27.898602870949635,4,1
138.0,6,5,4,5,4.2791277725747126,0.6448140197319331,1,2.5029393221054956,27.658984362134483,3,1
138.0,7,5,5,6,4.065882671909252,0.5591626605753602,2,2.561536888591209,25.32099733536335,1,0
138.0,8,5,6,4,6.941316363059394,0.5677727093968756,1,2.1580171281111387,28.86178293420187,4,1
138.0,9,8,4,12,7.316720068778986,0.610404676923464,1,2.5582018531837045,28.235619105421872,4,1
139.0,0,5,6,12,4.727000070322461,0.5184657919631495,4,2.4609872412618996,33.380231697975155,2,0
139.0,1,4,5,12,4.600452402280858,0.6171030366091405,4,2.349143559610915,31.908224834745884,6,1
139.0,2,6,4,8,5.853995723347105,0.5258205249141971,4,2.535033845884564,28.545800867144305,3,0
139.0,3,7,5,4,3.5160452717454613,0.4318325103265956,1,2.490240033721747,31.970719481635705,4,0
139.0,4,10,5,5,2.71634466359425,0.5695385826859677,1,2.956157653156508,28.045911003371774,1,1
139.0,5,9,3,14,7.650518827469507,0.5158538005204624,0,2.49452702007319,35.73626250133432,3,1
139.0,6,2,6,7,7.620608800232614,0.6466029237767033,3,2.359236018193103,30.94380838243609,7,1
139.0,7,5,8,6,2.465413443572807,0.5507109162335851,2,2.607176672614862,30.13169982049805,3,1
139.0,8,1,2,11,4.115592071268518,0.671840411288389,0,2.5015523576000107,26.030576575872615,8,1
139.0,9,8,2,9,4.99815751142584,0.688924800024132,3,2.213228720192057,35.19235839463432,2,0
140.0,0,5,2,6,4.595077848479281,0.5822562800612869,2,2.2651523548059154,26.66592821457289,8,1
140.0,1,9,8,4,4.899416937470912,0.5025196781659295,5,2.9137414698198802,31.0844939743285,2,1
140.0,2,10,4,12,7.304661279233942,0.5072842902149269,7,2.3823778332303935,33.418969643613416,4,1
140.0,3,3,5,4,2.739778798227487,0.49548609683125705,4,2.745044480227482,30.37824303255827,3,0
140.0,4,8,3,9,2.560958069926585,0.45264910709765704,5,2.4374224790092125,30.183237651041438,2,0
140.0,5,8,6,5,2.57610464170138,0.48098060711059853,2,2.7591200699003218,35.80331733454672,3,1
140.0,6,1,4,12,5.960702576750924,0.5091762701039539,6,2.810882438345145,29.324846269975684,4,0
140.0,7,7,2,13,3.3992294999014145,0.5781214363178572,3,2.281499766616573,29.60639441623348,2,1
140.0,8,4,8,2,7.98086564195474,0.5481038136255736,1,2.8207305898211144,30.375113769927424,0,0
140.0,9,1,3,9,6.264244171215664,0.5855634460374147,2,2.4281981944663626,31.8077224079949,6,1
141.0,0,1,8,14,4.925604928392236,0.4764761872475089,5,2.734655648936929,32.04740033848163,1,0
141.0,1,9,3,14,6.919402579906749,0.3122938367660069,4,2.6720500726109986,33.785056006768684,7,1
141.0,2,10,2,13,4.536820834692911,0.46760404842392145,3,2.999551572245881,32.97495819397966,2,1
141.0,3,7,4,13,5.581098487976483,0.44396307839396215,3,2.540719020548809,28.179621508213586,2,1
141.0,4,2,6,11,4.75348683958771,0.4480820577652987,4,2.443532987487452,29.098314250321984,2,0
141.0,5,8,2,2,2.3466751523786558,0.515986047475279,2,2.8211429699285557,30.21068247652182,4,1
141.0,6,3,8,7,2.1846849905211387,0.5182723238249171,4,3.2195823021679733,35.493828579717345,5,1
141.0,7,2,2,4,6.9014035681093,0.6453364535813212,5,2.5152632270972846,32.23053376965764,2,0
141.0,8,1,6,9,3.038820747642995,0.6116220273884889,6,2.7926647876296524,30.896211663929698,4,1
141.0,9,4,2,7,7.502592611498042,0.502242328340907,1,2.5827896130120656,30.583356226835498,9,1
142.0,0,8,2,4,6.6505877818259584,0.412484480336096,2,2.6771794972431406,26.26961647388578,5,1
142.0,1,5,6,9,3.7069807043342853,0.3045220822892137,6,3.3061776879267457,34.5344918543288,1,0
142.0,2,4,3,14,5.408195532648339,0.5644255234108522,2,3.0932368767471448,33.985980948728674,2,1
142.0,3,10,2,5,5.246307336983483,0.3807871583216989,3,3.098050510880468,32.00641237275383,3,1
142.0,4,3,4,8,6.414972182303471,0.39731593020313555,4,2.729268165030265,30.03118561957959,2,0
142.0,5,5,4,13,2.291608044766971,0.41114953533685017,4,3.308459844940075,34.088939021915124,3,1
142.0,6,4,2,4,4.8386051689405445,0.5063023690411739,3,2.6863584458611056,27.721149803151874,4,1
142.0,7,9,2,13,5.7217220569310605,0.41970153308136066,3,3.033964785128571,39.554286288338055,4,1
142.0,8,5,8,5,7.237228868737533,0.32973134768897067,1,2.9255288120344973,31.076049374785043,2,1
142.0,9,5,6,2,6.17078629411051,0.4216555858535385,6,2.911285504108615,32.20746700384771,4,1
143.0,0,7,6,2,7.9615841942702605,0.7443782587959185,4,2.203925782998896,30.123056763997372,4,1
143.0,1,9,5,14,6.932685438159177,0.4917818243833288,2,3.0117344860428394,26.768219179329606,5,1
143.0,2,2,6,8,5.941794181935894,0.5868022060803818,6,2.5244441449642983,28.931550712075833,5,0
143.0,3,6,6,7,6.12073381015031,0.66601900580838,4,2.62813157333454,25.587269098925848,5,1
143.0,4,5,5,2,7.015673224464862,0.581036097186288,3,2.389338756766019,24.278340234863606,6,0
143.0,5,10,4,2,7.31154048679186,0.5985253659370696,1,2.143654692066491,29.82863855760864,3,1
143.0,6,6,5,11,4.0367689320977185,0.6329451709306502,2,2.6007943212274585,28.17009280577077,5,1
143.0,7,3,6,13,3.8869866162787328,0.5460179091734494,4,2.6050496860340657,27.70800145538498,5,1
143.0,8,7,4,9,3.830569886921076,0.5907243437498196,2,2.52135009995154,30.698812876427024,5,1
143.0,9,7,4,4,6.842081813995303,0.61127950144108,3,2.5148873105525182,29.78452953374955,4,0
144.0,0,4,4,13,5.4118978170740295,0.6228114975980086,6,2.288764348402355,29.043650186820862,4,1
144.0,1,3,2,3,7.935113171165542,0.704131356216888,5,1.8243042851042057,25.19460964461414,4,0
144.0,2,10,8,6,3.060904146678757,0.5604057201707995,3,3.1943506829353394,37.29314085120925,2,1
144.0,3,1,3,6,6.903358514558553,0.6371952734631918,0,2.149244816961982,26.1273247210215,4,1
144.0,4,6,6,7,2.4299125879015167,0.542462810765412,3,2.6729725958477553,26.038575301109425,6,1
144.0,5,10,6,12,3.2612072867151216,0.4069526519417328,3,2.6041540377762957,36.43528695948308,4,1
144.0,6,8,8,5,7.929486394375456,0.5652579285155285,1,2.70246264999322,34.61456929697744,2,1
144.0,7,1,4,7,7.3936366875046895,0.6954119930060608,1,2.201291853737618,30.343837940652712,2,0
144.0,8,6,2,11,3.387918805429093,0.6366721418418927,1,2.6549483548255988,35.68860591622717,2,1
144.0,9,4,3,8,6.12675956848735,0.5434972474696718,1,2.179787933575602,26.275621251312728,6,1
145.0,0,8,5,13,7.775172239519332,0.42396855066147376,2,2.6696782774061623,32.917960092376596,4,1
145.0,1,6,2,10,3.1697569762010627,0.4519125453613742,3,2.7343505385721696,24.902511918471575,1,0
145.0,2,1,6,12,2.380695821960227,0.4446512933842051,4,2.829502418997085,29.80908912520458,4,1
145.0,3,4,6,5,5.896939484635453,0.5087521268750933,2,2.7884015514967393,27.62996682778413,1,0
145.0,4,3,5,8,4.370272513818007,0.5027807090244157,3,2.6238036688594235,29.655396196126155,5,1
145.0,5,8,6,4,4.228645575394229,0.35565344889498435,4,2.583442917177283,32.128131021735896,3,0
145.0,6,9,4,9,7.495247403925695,0.5169038575444364,1,2.7361361168415277,32.72282201322418,2,1
145.0,7,10,6,7,5.238586922884971,0.48547497257590344,5,3.078792698306033,29.113884934050198,5,1
145.0,8,3,6,12,3.7892388880250416,0.4355821149751928,5,2.9838716851675646,32.19424981865076,4,1
145.0,9,5,6,14,2.23382081479593,0.33285490703681675,1,2.8472471680425397,35.76406600177014,5,1
146.0,0,4,3,8,5.112996055089555,0.5209851741714013,2,2.5396726348127974,32.981144130141,4,1
146.0,1,7,6,3,2.9595763980771252,0.4137107973549919,6,3.339669843978603,35.63094125451588,2,0
146.0,2,5,3,10,3.801554660793066,0.3618199551210506,4,2.872322523508552,32.16942636999558,3,0
146.0,3,2,2,5,3.164179689437625,0.5481155651954884,6,2.202146485393067,26.24300958457526,3,1
146.0,4,2,3,9,3.1935704819916797,0.44954783191339975,3,2.993197210595717,31.137040321277777,1,0
146.0,5,7,2,13,2.174207976053675,0.4360048442264208,6,3.0417983284433054,34.9254555966371,4,1
146.0,6,8,5,12,4.703328567846625,0.3323165259508351,2,3.132762463845635,38.730580915891906,2,1
146.0,7,5,6,7,3.9059600447428906,0.29773594466073294,3,2.8263445603669393,33.44917971551361,0,0
146.0,8,10,4,3,2.565154742498823,0.46867745520552867,5,3.105726746844733,37.416030249315405,0,0
146.0,9,6,6,6,5.277788419273285,0.33420384155782756,5,3.045495781663808,31.518711589483683,1,0
147.0,0,5,6,5,5.891612735823674,0.6097743650446439,3,2.7780660363481937,28.44983743803457,5,1
147.0,1,6,5,12,6.794866333829981,0.5546185236038046,1,2.751046851187677,26.92144395075298,6,1
147.0,2,6,4,7,2.1465206158635883,0.5749345410210575,1,2.668753784400632,32.14298139448121,3,1
147.0,3,2,3,7,7.148976063094145,0.6158526913524384,8,2.504763534957362,30.96369425472024,2,0
147.0,4,9,2,7,2.8792193047344403,0.5164250915845149,8,2.571964917986957,31.347580972263135,5,1
147.0,5,10,2,5,4.089352210769218,0.596527439231154,3,2.4239137597955907,30.22892247021132,7,1
147.0,6,6,4,9,2.753975297669035,0.4981837398971635,3,2.5725429914834947,34.13138932653877,2,0
147.0,7,1,2,5,5.765850808641039,0.6007535343937723,1,2.455409834097861,29.019579918596076,6,1
147.0,8,5,6,3,4.224213083688197,0.6137322337821778,4,2.4827278346301442,28.27174813461894,6,1
147.0,9,5,8,9,3.0877486831315393,0.39655431660990687,3,2.680352542853757,32.75816883288015,2,0
148.0,0,7,3,12,7.738886583387362,0.6287201073975791,3,2.346472458799833,28.96499338235628,11,1
148.0,1,8,8,13,3.108426450142871,0.40901066391272584,5,2.732414805605325,36.835445506794144,2,0
148.0,2,5,2,13,6.36231535731658,0.6198020592325557,5,2.4940937073355913,29.538565061422972,7,0
148.0,3,2,6,13,3.21569420417706,0.5551167889952199,4,2.2491239715623244,25.82433795161777,5,0
148.0,4,2,4,14,2.3771743055801,0.5268102056297221,4,2.0479748364918713,32.02686132229079,6,0
148.0,5,5,4,6,2.6022008281410036,0.6390960210854247,2,2.245037996795626,28.95504988966473,3,0
148.0,6,4,4,10,5.1892207817239395,0.6931931707587183,2,2.5247086937594947,26.31597093567432,4,1
148.0,7,3,4,11,6.2512577111629835,0.5401761718492245,4,2.092014128009314,27.38051653149845,3,0
148.0,8,9,4,2,2.9654201483154408,0.6234427327024381,3,2.0489637073921876,27.484097980310445,2,0
148.0,9,10,3,11,6.38723349527297,0.5896968728972953,4,2.3550474806277575,33.52929241137644,6,1
149.0,0,6,2,6,5.642193429578577,0.6129363113867701,4,1.8622204916154022,25.261725185077275,7,1
149.0,1,9,3,10,6.006186570238828,0.5454435038403268,3,2.5638749544605193,33.95096574358462,6,1
149.0,2,1,6,2,7.429659099165271,0.6240503490534882,5,2.1039299882753375,25.77531533057389,4,0
149.0,3,2,8,9,5.079730162318972,0.49826006835904124,4,2.4966207222357206,28.956972305217327,3,0
149.0,4,4,3,13,7.533688467168902,0.5852781138551132,2,2.4804560050660136,25.800696973529302,6,1
149.0,5,6,2,8,3.095592497171241,0.581393416097633,3,2.283327550176943,28.042944829613674,1,0
149.0,6,8,5,11,3.2311711070254,0.5146773746090708,4,2.6336604529114465,31.892607542918526,4,0
149.0,7,10,5,6,6.2517841878259,0.5426014501801029,9,2.5261827277134237,35.714642851057334,3,0
149.0,8,10,4,12,7.313956061805987,0.47780445959949047,2,2.5836380673871417,30.07014660537626,4,0
149.0,9,8,6,6,6.177310385150181,0.6602401471712248,3,2.603610473415415,27.818676350473975,2,1
150.0,0,10,3,2,3.452868198435503,0.46875886030001307,0,3.021931732776888,34.632820212372366,0,1
150.0,1,10,8,14,5.112571674809048,0.311859184730633,4,3.706239122719221,36.39212459640972,0,0
150.0,2,5,3,10,2.8114519898219132,0.45622308989252447,4,2.7067153314650816,31.704245497080166,2,0
150.0,3,8,4,10,3.1831561542322464,0.3295712027037958,3,2.96455514870366,34.519293852215675,2,0
150.0,4,8,4,14,5.621768254096946,0.39340305146970195,3,2.6577136569778617,33.06048358454426,3,1
150.0,5,8,8,12,2.3775954226911127,0.2728824689990985,6,3.019861932823039,38.38297467954399,0,0
150.0,6,10,5,11,7.955928483516296,0.4118032752494769,4,2.9002293501906435,31.218968004530574,1,0
150.0,7,10,8,11,4.670895688387001,0.3869371017173276,6,3.1056391009529634,32.854880330531664,3,1
150.0,8,1,8,5,6.0051678155789,0.47705784106858506,3,2.8268103908480344,30.15272546790362,2,0
150.0,9,4,5,11,3.0305935406928732,0.4853187647892522,0,2.9131970624415002,35.6902464116297,2,1
151.0,0,1,8,10,5.014650755448331,0.6233053063434504,4,2.6532700715155113,29.493731042527713,5,1
151.0,1,8,5,6,2.516156923321221,0.5363657060298151,2,2.847523165849462,28.77494199000925,6,1
151.0,2,9,3,8,3.7954201849221043,0.5085782508055195,5,3.1235643459550384,30.16251978345929,3,0
151.0,3,4,6,11,5.225388899496283,0.5429578621929301,6,2.905509821702128,33.26825646330734,3,1
151.0,4,8,8,5,2.3285595871377684,0.33486993726284187,6,2.7462207273826653,33.99974712297033,1,0
151.0,5,1,5,9,6.327447649957155,0.5653352488305048,3,2.375373878918751,28.674412449603746,4,1
151.0,6,3,5,5,7.91395908534943,0.4819613758542671,9,2.2316849269336307,35.86676740402358,4,0
151.0,7,4,2,8,5.704601122894867,0.6319518382240229,4,2.557535954041124,28.83604338414016,3,0
151.0,8,10,6,11,5.789268628373264,0.3774872309651195,2,2.8863345496576542,33.8124079585564,1,0
151.0,9,3,5,7,7.525169391089262,0.5932355198153616,2,2.6616872822218234,29.130900552121567,3,1
152.0,0,9,3,13,4.164707849549173,0.490257377981206,1,3.2760365391747275,31.625178888129263,2,1
152.0,1,10,6,9,7.064281792207185,0.3694305443362239,8,2.8265865431891375,33.42220008587164,3,1
152.0,2,7,3,6,7.350936725706695,0.5290319271413734,3,2.9561704527558135,28.93248638384381,4,1
152.0,3,8,8,7,6.361292337911584,0.35768887984713205,5,2.860040366094977,39.567461280686125,0,0
152.0,4,9,4,11,6.784561582299095,0.264039215666277,3,2.7794695741784645,26.61208996334875,3,0
152.0,5,7,8,5,6.005444740100611,0.3979282856861161,4,3.11268268843155,37.481185062919415,2,0
152.0,6,2,8,5,6.608822777689226,0.5423665445603776,2,2.7721774489824775,31.175558708979462,2,1
152.0,7,2,8,12,6.020006679058867,0.4679350486587872,4,2.744499751517651,32.16694679636153,3,1
152.0,8,7,2,4,4.123783141653345,0.4163282792176778,2,2.7395894883409286,31.138566267989304,1,0
152.0,9,1,6,12,4.645281398809184,0.442677731014799,6,3.380251131436015,32.83632500044351,2,0
153.0,0,5,2,7,6.625778146912262,0.4472979069044878,1,2.420491893968934,31.086953354297908,2,1
153.0,1,4,3,13,5.986152149927866,0.5106299748397164,5,3.0570962811230222,32.04400209570197,3,1
153.0,2,3,3,12,5.458223659133266,0.4430615492067874,2,2.7840461349715118,27.236919497399473,2,1
153.0,3,10,8,14,2.5019400900340645,0.14564937938679515,9,3.8967027145796136,40.765501706774714,0,0
153.0,4,5,4,9,3.2762797697107784,0.38145048631334544,5,2.7439504657306135,32.58841416022826,1,0
153.0,5,9,6,8,6.81525354294405,0.3278960139980093,9,3.1735865743732172,34.98014959180438,1,0
153.0,6,5,6,12,7.287302923077265,0.38563499310601707,5,2.781286828960718,34.45684445108176,0,0
153.0,7,7,4,5,4.052360866332041,0.49561418791702105,7,3.0070169829524125,25.418702351455188,0,0
153.0,8,7,3,3,4.484402999461018,0.4278166198201865,6,3.0840551131541942,30.433330712774673,2,0
153.0,9,9,6,6,6.5410955930098815,0.35766659827611186,3,2.9394105701589703,41.052137638753486,1,0
154.0,0,6,4,5,3.3979819283177153,0.7140095636136861,0,2.211179199482104,25.540606692775548,5,1
154.0,1,6,8,13,4.9192962835471885,0.6804241545262792,2,2.768710785923575,30.323834561887864,4,1
154.0,2,9,4,3,6.826151068017994,0.6731849189514901,0,2.0025128046513196,25.100972733438695,8,1
154.0,3,9,5,10,5.419172597330025,0.662514207691155,1,2.044812754758153,29.12642227312471,2,0
154.0,4,5,2,7,6.4688285178293246,0.7233520617639451,2,2.1214013577487516,24.281310004927025,9,1
154.0,5,9,2,11,2.7304074138155032,0.6261400641367818,2,1.984458580536571,28.842659493630627,10,1
154.0,6,10,5,10,7.246332075580731,0.5518761799725398,2,2.0933069356966194,34.51450794521802,7,1
154.0,7,7,8,2,5.852984999614221,0.5776168531353838,5,2.127003436160058,28.40826409674005,10,1
154.0,8,1,4,7,4.444299954826603,0.7382929374890974,3,1.88153001334712,26.690632100660192,3,0
154.0,9,9,4,3,5.509624992069422,0.6651166498735681,3,1.9867586136147204,28.45009491438058,3,0
155.0,0,10,8,7,7.002493585524099,0.3363731028778626,2,3.512982334154023,34.126174101440554,2,0
155.0,1,7,5,6,3.977287311429091,0.5427692242877218,4,2.3842528109493553,32.36329463271559,3,1
155.0,2,4,4,13,4.6999747230196425,0.3895958467320141,6,2.8328780929217814,32.39696566182256,3,0
155.0,3,6,6,5,4.856255881663642,0.3805444474228946,3,2.7263675195718267,37.678226282387335,3,0
155.0,4,5,2,12,2.9116581794446468,0.5881105995595166,0,2.609264162233664,27.467685926306434,3,1
155.0,5,3,4,8,5.112597373306703,0.506578263311253,1,2.746572772987167,33.87117968002485,2,0
155.0,6,10,4,13,2.897037859242782,0.3251208023912916,2,2.7851592938983183,33.174999691647834,2,0
155.0,7,7,5,10,7.153074318016025,0.41918020832932995,0,2.781874342494717,28.916570398289224,0,1
155.0,8,1,4,6,6.783092170447356,0.6827185475178186,2,2.4262751641837483,30.982178906483266,3,1
155.0,9,8,4,2,6.254792333345527,0.44266256010676025,2,2.474435901124771,32.824177284156285,0,0
156.0,0,6,8,11,5.340856652670503,0.5804133850021748,3,2.605690006964886,29.62164098634362,4,1
156.0,1,2,3,2,4.6975670262019,0.6179208237866944,4,1.912039365121684,31.595710661317064,7,0
156.0,2,7,3,8,6.934954259036335,0.6733943789581781,3,2.0810970729272045,32.03167258123831,7,1
156.0,3,9,5,5,2.8858425671153536,0.5477714531538672,5,2.3000964051707276,34.144010697534085,5,0
156.0,4,9,3,8,5.8248023528847765,0.5508120081760256,2,2.2856118591223034,35.41861956421752,3,0
156.0,5,6,2,11,6.2415748111291105,0.6446644584012139,4,2.4358466758532593,28.139609570929448,4,0
156.0,6,9,8,2,4.451381628198391,0.591002101056274,2,2.5331676447082705,33.61472644771652,4,1
156.0,7,1,4,6,6.817265227339009,0.6977737129203031,2,2.036880192963598,25.74721059373118,10,1
156.0,8,4,6,7,4.381190924167319,0.5410275849805188,1,2.3523976026257256,28.42675952699237,2,0
156.0,9,9,8,11,2.628957362723991,0.5784632252251105,4,2.525626959017732,36.611072696641955,4,1
157.0,0,5,5,6,7.346365023515277,0.5639161919800627,5,3.0859998627505223,27.820501994613494,4,1
157.0,1,6,5,6,7.797497766956978,0.520595180581684,5,2.8915849282250203,29.288654463815107,3,0
157.0,2,9,5,5,5.437676750503458,0.38727886506042,5,2.8852172199293102,30.548403848449823,5,0
157.0,3,3,4,3,7.483923486617581,0.5720705590613456,2,2.547378532433151,25.05531426336493,2,0
157.0,4,4,4,8,2.2136075927588905,0.5143063376476874,3,2.883453923434052,29.051139622454343,5,1
157.0,5,1,2,11,2.088075410406412,0.6779345220213276,1,2.487394491949716,26.836739371218208,4,1
157.0,6,2,6,6,2.943938370725888,0.565673034745029,0,3.0103631681429865,29.422797493974713,6,1
157.0,7,9,6,11,6.675414779518713,0.39961047076712597,2,2.9230545693205814,28.720795425016874,1,0
157.0,8,1,3,4,5.795296667711335,0.7038684634964572,2,2.717238023801356,32.57876244805043,2,0
157.0,9,8,4,2,3.8695356240406227,0.4082025420302804,2,2.699825102501596,28.933355411983413,2,0
158.0,0,4,5,2,5.7448289496686105,0.6509543556940272,2,2.2105784488908284,29.11871566762551,2,0
158.0,1,2,8,12,2.596559541877669,0.5482848008429845,4,2.483611207469601,28.226577080635032,3,0
158.0,2,5,4,9,3.3787787310716,0.6321774308939775,3,2.2826478200295757,34.42486486608159,5,1
158.0,3,7,5,3,3.2676886309924997,0.617585212380934,3,2.162267071836988,29.214557152677997,2,0
158.0,4,1,5,4,2.1307910555799774,0.6079294454527342,1,2.192489734512709,27.025910184310266,8,1
158.0,5,7,6,6,3.9345329966807228,0.49511631844620624,3,2.412273961958534,30.105485361500982,2,0
158.0,6,7,5,4,2.4038778405292573,0.5303267508722587,1,2.4040944278193406,34.64679324926269,1,0
158.0,7,10,8,7,7.781356861381273,0.531392415969682,3,2.7908529884358746,32.58378112452624,11,1
158.0,8,4,3,8,7.1271942175147185,0.7153609275316296,2,2.4929253276418954,32.3819639681017,8,1
158.0,9,1,5,11,2.4504277554723015,0.603773068699751,4,2.20590528841025,30.826534567733876,5,0
159.0,0,10,2,8,6.907238345023559,0.6678047735214556,3,2.3377834637301573,27.907842958572612,3,0
159.0,1,3,6,10,4.870572060616732,0.6363976286139522,0,2.3078250242732086,29.547584136712924,4,1
159.0,2,5,3,9,4.402722852090468,0.650999897093091,3,2.311308196858517,29.478495235687003,3,0
159.0,3,1,4,3,4.854200127532955,0.5972665640477963,4,2.0095017285900494,28.04455974667516,6,0
159.0,4,9,5,14,2.6159178151031792,0.4445912490032382,2,2.505764623800856,33.01625327028737,0,0
159.0,5,7,6,5,3.805583139720715,0.6633470675849154,5,2.4269796170049083,25.898265915169944,5,1
159.0,6,6,5,13,3.0281014577718697,0.46143515706832317,3,2.3739598879212567,27.512435383178662,3,0
159.0,7,10,5,10,2.6659531064305844,0.5518025617403202,1,2.547407384233616,37.17489269858547,4,1
159.0,8,5,8,12,5.75902500980633,0.5764356661626369,3,2.684965188153338,37.27782470338372,6,1
159.0,9,5,8,8,3.88803093626785,0.5659675681882296,2,2.2306166744206486,31.165456966616386,5,1
160.0,0,5,4,13,4.290830800262036,0.5480896399270804,3,2.4925259212146353,31.26852375576384,1,0
160.0,1,9,2,2,3.9577715939262617,0.5437148158761006,5,2.609274708640258,24.361356571011154,4,0
160.0,2,2,8,10,5.363089938130637,0.4621953601491249,2,2.4461170198630193,30.6884421110734,5,1
160.0,3,3,2,7,2.170647275474672,0.5654518998483871,7,2.54450271124637,24.993806528497522,6,0
160.0,4,7,8,12,3.50130175335278,0.5183641861669703,3,2.6117612945377644,31.388784375720945,3,1
160.0,5,10,3,8,5.851325021257269,0.42945492132944024,4,2.5358149937549777,33.40074985949063,4,0
160.0,6,2,2,4,4.85842831243016,0.640439643617846,5,2.3899793277103965,26.77787098154438,6,0
160.0,7,4,5,5,2.1633704740210904,0.6494737903903521,3,2.6226201980959223,33.90790541648089,3,1
160.0,8,1,8,12,5.552355976138805,0.6002321098685475,4,2.351222242059141,31.05865727471953,6,1
160.0,9,6,8,14,7.176940896269621,0.5171555514617282,5,3.155422640432436,31.570612594597705,6,1
161.0,0,10,3,12,6.8509427251468065,0.5395806469783724,2,2.741472907019541,31.750902303170875,4,0
161.0,1,10,8,6,4.74871607436839,0.5168579860424414,5,2.902664743268415,38.280386004095455,5,1
161.0,2,2,5,11,4.520208239979693,0.5920754979591014,5,2.451147298432973,25.909381915277738,3,0
161.0,3,5,5,12,7.078710201926291,0.5969146657627225,3,2.5984574547136416,30.994470103097434,4,0
161.0,4,7,3,10,2.152170662964369,0.5885341359268828,4,2.2325356553664335,31.174246448062053,5,1
161.0,5,1,3,9,6.3835281841167175,0.5541425503367724,2,2.1682982525037158,28.61974876960415,6,0
161.0,6,4,2,7,4.513717371595163,0.696155634945792,2,2.1553488200909254,26.487342587483305,4,1
161.0,7,8,5,7,7.0933239775154355,0.5810554923369305,2,2.346714894708779,34.5545298706035,3,0
161.0,8,2,8,7,2.3301662838342043,0.481438506750156,2,2.385351802039101,30.773172115822295,6,1
161.0,9,3,6,8,4.17746806774031,0.5738077816890723,3,2.4333793284500964,32.67651167236666,3,0
162.0,0,1,5,9,5.61154971564183,0.6378373263772924,4,2.294820958998472,28.179139802377055,3,0
162.0,1,3,3,4,6.211339347021645,0.6873171384986391,2,2.257568007917011,30.204980502703712,6,1
162.0,2,5,8,8,4.251855863814148,0.4625241849072464,3,2.9560627638912207,30.59668812347418,6,0
162.0,3,10,4,7,2.4431020410671875,0.48982203020697945,3,2.474277359668044,35.25044976449881,2,0
162.0,4,4,8,10,4.150510131217919,0.5905138711015464,0,2.512707832350581,37.87081172793303,3,1
162.0,5,10,2,8,7.072373024963088,0.6414069933524369,2,2.4137857315215423,29.538372982960052,5,1
162.0,6,4,6,4,6.837363944765342,0.6203200937933371,0,2.244808843298598,31.137958972399076,3,1
162.0,7,6,5,3,2.76076906602006,0.5434043213725717,2,2.6662223069338555,25.708138346171562,6,1
162.0,8,7,4,14,7.494434121313921,0.6433353871730241,5,2.196174433020418,30.393524368309077,4,1
162.0,9,5,2,6,2.4594855882056827,0.5779099753643053,3,2.462850474840623,29.025553776026488,5,0
163.0,0,7,6,10,5.713964031734061,0.511175347166569,3,2.580812222308963,30.750786408002842,2,0
163.0,1,9,2,3,3.3656701301948804,0.6694736482090837,2,1.8630448776043838,26.453691895729193,11,1
163.0,2,9,8,6,6.563511024065218,0.5187908770542596,2,2.6237750630090164,31.455157914571306,4,1
163.0,3,3,5,4,4.017308581706102,0.594855938017342,3,2.3302312627473944,25.61894148366393,7,1
163.0,4,8,6,2,7.408815370365537,0.606250544951322,4,2.4469207624798064,30.684790143652368,6,1
163.0,5,1,6,5,3.251036288841294,0.618937305678445,6,2.172152449816181,28.06035654987762,4,0
163.0,6,6,5,9,5.966726045972896,0.5647188473472424,3,2.6066330149484607,30.073457834736256,6,0
163.0,7,6,6,13,5.796826404025827,0.4697378374473654,3,2.5807519409178568,31.80330679031192,10,1
163.0,8,9,4,12,6.017906733821659,0.5707031592791751,2,2.228836898374423,31.66333262858536,4,1
163.0,9,6,5,5,3.677828562358027,0.5320888851396325,1,2.462305677433735,27.787381311845593,4,0
164.0,0,3,8,3,5.286502754903715,0.3865973241677693,6,2.616490782015579,28.57849287941432,2,0
164.0,1,4,5,14,7.804253191869186,0.47162604109738343,3,3.039260636326997,29.716926591097824,1,0
164.0,2,6,3,12,6.690966275893472,0.46916112106682323,3,2.9613726642850278,30.992798675187696,0,0
164.0,3,9,2,8,7.890009755826542,0.5223353987849824,3,3.085265856075771,30.950733321482286,2,1
164.0,4,1,5,4,2.8056412371015407,0.529032261854147,5,2.890437425414752,25.45955794094341,3,1
164.0,5,8,6,2,5.4912700873498,0.4189313096305387,6,3.130025826850942,26.35108993977889,1,0
164.0,6,3,2,14,2.9279003720276817,0.46284305617525545,1,2.6647916951993262,31.304311513788484,1,1
164.0,7,10,8,11,2.7191907790971284,0.29950154868080475,6,3.0718725933092306,37.616672371891674,1,1
164.0,8,6,6,8,7.422451695855965,0.4665720488469033,3,3.145963737295665,32.580581378833664,3,1
164.0,9,6,3,12,7.682715129482483,0.41657717533709654,4,3.1796199054089307,29.429302615411807,1,0
165.0,0,10,4,11,2.0678521200806035,0.41934931403604836,3,3.110562814312442,34.617851497239585,1,1
165.0,1,6,2,2,6.304654447685553,0.504861721564632,4,2.4933470871793895,31.00954043294224,3,0
165.0,2,1,4,3,7.580816477071757,0.6470027277090575,5,2.3756697644281926,27.678487823763678,5,1
165.0,3,10,6,5,6.820876519524461,0.404151537210571,4,2.609658356740041,32.86890787082308,1,0
165.0,4,9,4,11,2.8016953137569907,0.4259079068114074,6,3.064236820451825,34.61242648535608,5,1
165.0,5,8,8,11,7.266006577601095,0.39015707746186173,5,3.3070051021590494,38.09022841202478,2,0
165.0,6,2,8,14,7.763376209754051,0.4573168541354265,1,3.0971577769544263,28.961268980251855,2,1
165.0,7,6,8,5,2.6813038568464282,0.45081789979462894,3,3.0546318939697548,35.49943233388674,4,1
165.0,8,9,6,7,3.3266336572284128,0.3591646872999455,5,2.7958644975576625,31.56056042396387,1,0
165.0,9,2,5,5,2.9881096379665606,0.44276476492289185,2,2.753629877651748,28.768719116708322,2,0
166.0,0,8,2,8,4.295107447849456,0.7729039478325852,2,2.117996545862719,28.78494567719165,6,1
166.0,1,5,8,9,5.057176679784966,0.6747614721661865,2,2.3542817796370814,34.85792038119246,7,1
166.0,2,10,5,14,7.453588977279816,0.6635050954378242,3,2.287990070014325,34.19768440659345,10,1
166.0,3,5,6,11,5.562426477118498,0.653971069730418,0,2.0253522615349113,23.412233028012913,4,1
166.0,4,2,3,12,6.811738968384185,0.7237475300145502,4,1.987810047961402,27.360956000964688,12,0
166.0,5,3,8,5,3.8163739638316705,0.6440885545956025,2,2.1166981333951345,26.677067786720162,6,0
166.0,6,5,4,11,3.159615361418989,0.7249982823854245,0,2.1446376734426518,28.330784114916383,10,1
166.0,7,4,2,8,7.888092302522937,0.7598989206845314,2,1.6665644670353388,27.13717574544741,3,0
166.0,8,1,2,14,5.592057914405084,0.8028253605484376,1,1.879505531966073,30.985928875898416,10,1
166.0,9,7,6,3,2.99572698491757,0.7642366390619257,0,1.9296645353524036,34.35267159935293,5,1
167.0,0,7,8,10,4.8775315083179915,0.29655921197644863,6,3.2894294053897664,34.128748864400634,1,0
167.0,1,2,8,7,5.838448794321902,0.4089906848250226,3,2.936938446865631,34.9063287875086,2,1
167.0,2,9,8,14,5.718409018116839,0.3968365371218897,2,3.4074420900099867,37.811258620183004,1,1
167.0,3,6,3,3,7.185648562044251,0.33549113506241957,5,2.8023243133464915,31.457960072083807,1,0
167.0,4,3,4,10,6.460139643173935,0.33582168767188814,6,2.8572336404017857,32.6291758714755,2,0
167.0,5,2,3,10,4.626550409505686,0.4749084630396127,3,2.8128214073953015,31.560016054879192,2,1
167.0,6,8,5,5,5.162531509457839,0.4144684361843028,5,2.974797163636334,31.18863824361693,0,0
167.0,7,1,5,14,2.379195782775968,0.32328485890013303,6,2.8176995191516636,28.965593565222978,3,0
167.0,8,9,2,7,5.45619604063462,0.35654618362308493,5,3.204928933332459,27.373002116836254,1,0
167.0,9,2,6,6,6.091924430877858,0.37494158315057424,2,2.968471849100261,29.66410159319712,2,0
168.0,0,1,8,10,2.161847719135184,0.39894989675633896,5,3.3021531559857005,34.244071158810755,0,0
168.0,1,7,8,10,2.8645109663087758,0.4646640979316414,4,3.56884358686494,37.04721452750508,1,1
168.0,2,10,2,14,6.668808894117873,0.4236735794873863,3,2.711935342495134,34.22549691804429,2,0
168.0,3,9,3,11,7.443111930405054,0.4320900240005909,4,2.8781276759570864,31.195885477244097,2,0
168.0,4,7,5,4,7.5751408191759815,0.47329683533898725,5,2.742555007975072,33.17053237776683,2,0
168.0,5,10,6,8,7.951968897944832,0.4660019826521249,4,3.3392629242150917,35.399911426198656,3,1
168.0,6,3,6,12,5.361532730006943,0.4512803846651372,3,3.1627631623796875,34.78706784620246,4,1
168.0,7,7,6,11,3.4196560555458366,0.4295233780192393,3,3.3190448026412653,33.68861179173053,4,1
168.0,8,10,6,7,2.9962048739923266,0.3622649675562187,7,2.914567335594313,42.05437096803809,1,0
168.0,9,6,8,7,5.042763671086529,0.4452566814826575,3,3.1536029513909205,30.463023836062952,0,0
169.0,0,10,3,8,5.846976235071063,0.655375930045853,6,2.433400202585414,31.873291078650645,3,1
169.0,1,1,6,12,4.914897717040523,0.5579119738986824,2,2.367177772831126,32.99439837326112,4,0
169.0,2,4,4,6,6.717191461010169,0.5698905506946599,0,2.060883915597614,26.506132483535634,4,1
169.0,3,1,3,9,4.174827865592034,0.6196037595960429,3,2.089411275586071,28.66118763404576,3,0
169.0,4,4,5,14,7.462016409339071,0.6457756377127917,3,2.5175427406445396,34.14921717024725,6,1
169.0,5,8,4,3,5.34731555825172,0.5987175298506168,4,2.515212216725434,26.443231298133774,3,0
169.0,6,5,3,8,7.452227145180759,0.5709464071291817,1,2.4565543158504086,28.906020966880426,5,1
169.0,7,6,3,9,4.553506160848104,0.47793558445131784,0,2.381123980579741,28.06889639488383,6,1
169.0,8,10,4,7,6.277761066586577,0.5306203800715221,7,2.6590791018261752,36.14220767523283,4,0
169.0,9,5,3,9,4.312675705499578,0.5230217190184155,3,2.185005945188033,31.76095178741058,6,0
170.0,0,7,8,11,6.462926671036289,0.5932230241173369,1,2.3731221316929716,32.01978694448469,6,1
170.0,1,5,5,12,4.864182274613015,0.6260512276599326,5,2.2464496043867874,29.341264030478765,7,1
170.0,2,5,6,13,3.4373080945587473,0.4468977442975073,5,2.5402690137552213,29.03554368171119,2,0
170.0,3,2,4,12,2.5919173776253848,0.6491747920806742,3,2.685924058404551,29.375195671619878,3,0
170.0,4,10,3,5,5.429698763902504,0.7008340309118757,3,2.7066855490262274,27.688813852892117,4,1
170.0,5,1,4,10,5.447273837294132,0.6198798286000445,0,2.2299399969312668,28.482392335836362,2,1
170.0,6,3,4,14,4.436371250314425,0.5598133417774248,4,2.569129557141508,30.29479573607715,7,1
170.0,7,5,4,4,6.379599631224082,0.6433229912247094,1,2.308989886355367,28.631419282916546,7,1
170.0,8,2,5,12,2.7756237675192725,0.5842109402040846,0,2.5697490216790575,24.72299337257313,3,1
170.0,9,8,4,9,6.064571641359967,0.543370989908805,1,2.5592655615333406,31.6243516420085,1,0
171.0,0,4,2,10,7.047818897463845,0.6805411045164199,2,1.9362447790121111,28.79760511883512,3,0
171.0,1,5,4,3,7.5594829825048055,0.6269638713793264,4,2.0953117722045076,24.322581318327995,6,0
171.0,2,1,5,5,7.676401915687952,0.8480039738967795,3,1.888485783755912,25.071169464102212,9,1
171.0,3,3,5,13,5.587501150407467,0.5445882656785873,0,1.903721030321549,26.658123707784437,5,1
171.0,4,8,5,2,4.766394135257698,0.6787089188562733,2,2.1166584763484444,27.562060339258075,6,1
171.0,5,1,8,12,2.926240947444432,0.6563101550206447,3,2.213927595907658,28.157584161565985,4,1
171.0,6,5,5,5,4.905122497622034,0.6422170867799966,3,2.3509667914437427,32.69978213713708,6,0
171.0,7,9,6,3,2.2355172731182744,0.5967936921226202,4,2.105020075132239,30.577563781749806,12,1
171.0,8,5,8,11,6.47500390556347,0.5418665605442085,3,2.082774673634359,35.66746442599195,8,1
171.0,9,7,8,2,4.511103339590586,0.6213912441261734,4,2.6546037011636656,31.645705441562058,4,0
172.0,0,3,5,10,6.436823177279285,0.5855699883193896,3,2.094754238646296,33.003855175831774,5,0
172.0,1,4,8,13,3.3834503307533756,0.501422783476912,0,2.625736204721686,40.26222018289991,2,1
172.0,2,9,4,12,4.644126087391154,0.5704910771387941,1,2.396499100001383,33.75430196887494,5,1
172.0,3,6,5,6,3.3653609785721095,0.5791014839874498,1,2.316131769369879,32.214751292536334,1,0
172.0,4,3,2,4,2.3957569494674402,0.6736780485882503,2,2.2220399186207,26.042974937360697,6,1
172.0,5,5,4,3,5.480551624937711,0.6580653357646999,3,2.4601534634098736,30.09508034769016,5,0
172.0,6,7,3,4,5.439954736104141,0.5081996283274983,6,2.009583483218792,33.64017852641713,4,0
172.0,7,9,3,4,2.182571213987898,0.5799844920577939,3,2.3503551896876624,30.917052247681298,6,1
172.0,8,1,6,7,5.887323495039752,0.5978872410304749,0,2.2542810571583436,31.072352189433946,6,1
172.0,9,1,5,13,4.244176628840809,0.5699551828021808,7,2.2734514851986356,27.188791490051994,5,0
173.0,0,3,8,14,7.703767561904799,0.5526563004927169,1,2.221628072330012,24.9001763597178,5,1
173.0,1,10,8,2,6.130205724459904,0.578357271214858,1,2.378617603472126,29.998237762462548,4,1
173.0,2,6,4,6,4.986780782202549,0.5418497083881656,2,2.0793219521323056,29.18476883677879,7,0
173.0,3,4,6,13,2.3778072907974623,0.6504820881271544,6,2.3042932477270126,26.39547677879572,4,1
173.0,4,3,5,13,5.6696543767699605,0.6229505433215584,3,2.1543718164486725,35.31565525058842,8,1
173.0,5,8,2,6,7.661654570629633,0.6587638097722772,2,1.89406965135282,29.233436929297135,3,0
173.0,6,7,6,11,5.257180864047244,0.5216088332631379,0,2.6239586523024725,32.116756701121844,6,1
173.0,7,4,8,5,7.781036691483276,0.6102515883116578,4,2.454270184131631,32.93497488394406,6,0
173.0,8,8,8,12,7.0408289863396964,0.6379934611810317,1,2.5049417697897094,39.04902177047825,5,1
173.0,9,10,5,10,5.156708960285279,0.6306782653794634,3,2.618277107673169,30.16474243452184,3,0
174.0,0,2,6,9,7.739160497463596,0.5035326102590647,4,2.427409560700156,34.66778053769253,2,0
174.0,1,7,8,13,6.11745397944366,0.38340455027841025,2,3.007083810036608,33.86540878651917,2,1
174.0,2,10,5,14,2.3343213918722796,0.3792052324818151,6,2.837649275378823,39.80702471805125,0,0
174.0,3,9,2,4,5.660509081643836,0.43415753090079306,2,2.7046540307834563,30.10887108467677,5,1
174.0,4,4,4,4,5.212063095441034,0.5203827380081016,0,2.4757153037497304,23.57797232941106,3,1
174.0,5,7,3,3,2.522039522336362,0.5215008666713192,3,2.369988752373858,32.385626487175635,4,1
174.0,6,5,6,6,5.465069284860149,0.5061898646839551,3,2.77438433267814,30.606388018002615,3,1
174.0,7,10,2,13,3.540036959153961,0.4619052366120847,8,2.664822992618787,31.4428943258562,4,1
174.0,8,5,8,12,6.022603064376451,0.3480391679725765,2,3.111092086489207,26.57108676322351,4,1
174.0,9,3,2,3,5.435887261950137,0.5063198979440882,2,2.703367455505434,26.385450727010088,5,0
175.0,0,2,6,6,7.561925198627005,0.47321430779597073,1,2.689948185515903,31.83555297744449,1,1
175.0,1,3,4,5,6.364328159017349,0.37089054041894,1,2.982748297362242,31.225089421141824,2,0
175.0,2,9,8,5,7.49374268640071,0.2567968392699325,5,3.1551869101029553,38.00495230091372,0,0
175.0,3,10,5,12,7.861853865540102,0.3969486032899511,3,3.1946509872605384,38.357810813134954,0,1
175.0,4,3,2,3,6.289688330820767,0.4642075288689743,6,2.396807741431083,32.506449696544884,2,0
175.0,5,7,4,5,3.181808618536259,0.36706701236300493,6,2.8520562114717567,34.56530498950237,1,0
175.0,6,7,6,10,7.207539804982004,0.30430071702785566,4,3.2791084436891325,32.62117859143992,0,0
175.0,7,5,5,8,6.708868009185766,0.2945523227693792,1,2.7898442003523733,29.66865272521497,1,0
175.0,8,9,8,6,4.550071082975224,0.38129015429211277,5,3.229514594769706,37.33709840841675,1,1
175.0,9,10,2,8,4.880738105714076,0.3412686201646093,3,3.1396886470317336,35.61486797138019,3,1
176.0,0,5,2,7,6.740460901209837,0.7534822953826024,0,1.9594750004410237,26.49755414324875,11,1
176.0,1,6,8,2,3.1097575244140376,0.5930253200249975,2,2.4667498328655917,25.138818314104984,5,1
176.0,2,3,3,11,2.041401503768993,0.7137434814779999,2,2.1473703972829776,27.34807428979526,4,1
176.0,3,6,4,5,6.384201012145947,0.7137258258759863,2,2.484319203885774,29.804898078526342,6,1
176.0,4,10,2,14,6.553773737711825,0.5544113632106408,5,2.1342051897310697,35.06546560221153,6,0
176.0,5,5,4,3,5.19170283288044,0.6489854133436636,1,2.4859698202971683,25.015650642614805,2,0
176.0,6,5,2,14,2.2373043760175317,0.6072934871246318,3,2.034285380046179,27.746495200712932,5,0
176.0,7,10,5,8,4.09734867506617,0.580056517194398,6,2.093051587139124,35.32019465836603,5,0
176.0,8,4,6,5,3.7940531734641154,0.6857602075534536,3,2.155994245787322,27.99115512185706,8,1
176.0,9,9,8,5,4.552611756263051,0.5848671492401262,1,2.2333313706984783,33.82856599885111,2,1
177.0,0,10,3,5,2.745430379819597,0.5206826080327356,0,2.839975042434382,33.794553346354874,2,1
177.0,1,2,8,8,5.315699485890961,0.4814309512114016,3,2.873093208620377,29.477804275294126,5,1
177.0,2,3,2,9,2.9209313427785464,0.5524148437126362,5,2.6569132423476574,23.31844987465368,6,1
177.0,3,9,4,5,7.682445857977935,0.5051430753983118,4,2.332021825082663,29.77594209695946,1,0
177.0,4,1,5,8,4.153994846037,0.5270823309311561,2,2.576652380583114,29.517493121774656,6,1
177.0,5,8,4,14,7.240718801398042,0.4409107577844611,4,2.665065980000412,29.009829030047392,2,0
177.0,6,3,3,2,3.730886253402367,0.6519355030986763,2,2.364319003606575,26.480366886732345,5,1
177.0,7,9,4,8,5.998515174592677,0.5600023262020856,3,2.5658398096429553,27.662991887407287,4,1
177.0,8,4,6,3,5.0187523737919495,0.4761202437879307,4,2.7885170815938056,28.106421057539904,4,0
177.0,9,3,4,10,5.8825059853210995,0.5599972051522545,4,2.7196505600051353,25.521652357235524,5,1
178.0,0,4,8,6,6.262060597875151,0.5366380312759395,2,2.9364210401699316,29.850359363607097,3,1
178.0,1,7,5,8,3.130768475908795,0.4274977018492331,5,2.954581913196136,36.53525083832216,1,0
178.0,2,8,4,13,7.182307850062088,0.44724686666000396,2,2.858933260526576,32.743356337286244,3,1
178.0,3,7,6,8,5.045892978105799,0.38455583033033647,5,3.0355475225233093,28.56068071129245,3,1
178.0,4,3,3,7,6.233823766209438,0.46386472419895247,5,2.4984171572859273,32.025399651021544,5,0
178.0,5,5,3,12,5.92097041828726,0.5573877725257783,3,2.5844001345917773,30.410774997733018,4,1
178.0,6,2,5,4,3.3717145786421527,0.45080921449777644,7,2.7567976868760713,30.918624889968797,3,0
178.0,7,3,2,9,2.438837726082552,0.5909770041472973,2,2.782762457762363,29.748154839314534,5,1
178.0,8,6,3,4,4.095393745454821,0.4947313000217035,4,2.668442871727273,33.90457395784186,5,1
178.0,9,10,5,3,2.1291956017915883,0.34449796752773465,4,3.026666395583155,35.38584014901191,0,0
179.0,0,2,3,8,4.641025747009838,0.7987278576870416,4,1.7879262750769171,26.23255324416718,7,1
179.0,1,7,2,10,2.6759185206068956,0.6347813712324966,1,2.141036054725556,27.958034514857463,4,0
179.0,2,4,3,6,5.89181922423451,0.8212250362637622,3,1.7035849623974793,26.418045317184095,5,1
179.0,3,5,5,5,4.5186917721328905,0.6131191233736238,1,2.365423980212173,28.295756165250374,7,1
179.0,4,4,2,5,5.786859735736613,0.7999316601263451,1,1.9958507388272442,26.569561099842243,12,1
179.0,5,1,3,7,7.80359639817865,0.7975719185193847,4,1.9809637960081985,23.138229127580182,9,1
179.0,6,5,5,8,6.933028044552887,0.6987254903636079,1,2.312948725508292,24.902612523095613,6,1
179.0,7,7,4,3,5.12647413770598,0.7104525557684211,6,1.851448803561938,23.865733811332362,8,1
179.0,8,2,8,9,4.049347258795919,0.5788730387701229,2,2.1800711112852866,27.568657977526144,5,0
179.0,9,3,8,11,7.5637549990724064,0.5928446163295668,3,2.0542413490673734,33.35241195381565,9,1
180.0,0,7,4,5,3.684042261562009,0.5333322804421322,4,2.8964101336792516,33.85402225267192,4,1
180.0,1,8,6,14,7.981706551774463,0.3431299435676976,3,2.9882939420757753,33.378915365946796,0,0
180.0,2,10,4,12,6.518221771705484,0.5028838405217572,4,2.6590467120349954,33.84408444287152,5,1
180.0,3,2,6,4,4.309312105623579,0.41779075169708435,4,2.8746415892122963,35.42832028794173,0,0
180.0,4,6,3,7,6.873496074394698,0.5636918469271677,3,2.3647430344325078,26.11315062488297,3,1
180.0,5,4,8,11,4.539049108598338,0.48229576858698925,8,2.814169737840026,34.9180212551432,4,1
180.0,6,7,2,6,7.105758672774995,0.5480479924041392,0,2.9393896452021657,31.4580451514518,3,1
180.0,7,8,4,10,2.8056678011719,0.4029478952877751,3,2.8830389400649588,39.39590718529183,6,1
180.0,8,7,8,3,3.4827359265276687,0.33349729110243864,1,2.784182066133129,37.798613751816944,5,1
180.0,9,6,2,8,7.744564011615154,0.5869783237541405,2,2.7280233712267616,20.86987170154564,5,1
181.0,0,8,3,2,6.34236241730345,0.5148706979239446,1,2.3076167831907495,28.577203621878148,2,1
181.0,1,4,6,9,6.523900461350998,0.5349643128343976,7,2.6787038941437245,31.305007248634574,4,1
181.0,2,5,8,4,4.4861567078055264,0.4719800179665245,4,2.77358894829569,28.616822056864795,3,1
181.0,3,1,5,5,3.6662656514502583,0.4956265091095031,4,2.251824279293002,25.055759126005338,2,0
181.0,4,9,8,7,3.869573608681537,0.3350124509646133,3,3.087026159124104,36.459126864604535,1,0
181.0,5,7,2,2,7.880200664363265,0.5657374866245936,2,2.459428946234752,30.606596025347006,3,0
181.0,6,5,6,7,4.017911307603837,0.45621089768898987,3,2.81939463511393,30.610378739435756,1,0
181.0,7,3,2,12,7.858886675041708,0.5795899905405006,7,2.503869219013529,31.480254908749608,5,1
181.0,8,1,8,7,3.45771200103696,0.5057072951808218,6,2.461538849216013,30.263468133652722,1,0
181.0,9,7,8,7,6.006210542495857,0.37148120340918894,4,2.600819360440806,35.27780960263104,4,1
182.0,0,1,3,4,7.516148393110495,0.6999511770749653,4,2.0819351876599086,27.9565635311787,8,1
182.0,1,10,2,11,6.356674504366614,0.5372728035666111,5,2.5973008985312593,21.082323038431152,4,0
182.0,2,3,6,2,2.3027738193993725,0.6130020417844372,1,2.32414641285527,33.00091364916851,4,1
182.0,3,9,8,12,5.773205571770278,0.44416973522729775,4,3.1392572595784456,38.57077426533123,1,0
182.0,4,10,2,6,6.66242594793725,0.4978080428848252,4,2.3022829224541805,32.25728731877327,7,1
182.0,5,7,3,7,2.6164754632365264,0.5843565853225354,4,2.6966535829472273,32.462154217827035,4,0
182.0,6,3,5,8,7.828116050516329,0.6041263245174631,1,2.3268145982485726,28.383932207150945,3,1
182.0,7,3,5,4,6.962002982194127,0.5855911132050174,4,2.3419535338163957,27.88212718204439,3,0
182.0,8,3,8,7,5.366232351338437,0.5494539575554999,2,2.452860945296271,29.700893663327275,3,1
182.0,9,2,8,10,4.803385716504885,0.4996531198736655,3,2.768251012816408,29.521101921956564,4,0
183.0,0,1,6,11,7.627372959283492,0.6397873613251988,6,2.43945081932574,21.848701292131267,6,1
183.0,1,5,8,2,2.4934620635072386,0.44042656345373793,2,2.2687195817120487,30.360571476770367,4,0
183.0,2,8,4,13,5.574764839837631,0.6040142607026459,4,2.5059432502415424,28.982283162457364,3,0
183.0,3,9,2,3,3.8021589303398056,0.6482979249955323,1,2.0422149452785052,28.929349159711215,6,1
183.0,4,4,2,3,4.789547882695087,0.6818374334770049,2,2.0006405731724364,27.10969042716955,7,1
183.0,5,6,2,13,2.5750723201089905,0.6152541267137617,2,2.060693906533943,34.679368802651716,4,1
183.0,6,10,4,2,7.804256393593819,0.6056223901127581,4,2.4925975560251117,27.771019841556562,1,0
183.0,7,1,8,10,4.925674118438454,0.6218530873485295,2,2.302525090148527,26.561221225397027,4,1
183.0,8,4,6,12,2.135649706694978,0.5272109954750576,0,2.2460362074359783,37.771161041605744,4,1
183.0,9,8,3,10,2.4858154230609855,0.6139658297097389,1,2.2049033712128407,40.196411450489244,0,0
184.0,0,7,2,14,7.6596031330239365,0.5151182505280847,2,2.3931370082399033,31.829521078822815,6,1
184.0,1,2,2,3,4.598063873542397,0.7307151906822066,1,2.0593144866939785,22.66731486444821,4,1
184.0,2,3,6,13,7.882347227558454,0.5908430833746591,1,2.4409605485832793,30.680164761675456,4,1
184.0,3,10,5,13,6.6336805743425415,0.45469689709096894,3,2.927108303855031,33.44910821220286,1,0
184.0,4,3,2,2,3.6927472425996983,0.6152529384887868,2,2.1095754041331447,30.02901074859094,4,0
184.0,5,6,2,6,6.816441758273915,0.7356950154898294,1,2.626457879864943,26.80995496862735,11,1
184.0,6,9,3,4,7.8421957847036365,0.600447003355025,2,2.319791508266831,27.02904139050075,4,1
184.0,7,8,2,14,5.655556089363759,0.5850951368488373,3,2.510276142388985,24.644591924467832,0,0
184.0,8,9,4,11,5.2288113553966,0.5372147690299696,6,2.608916532553992,35.74437972588506,3,0
184.0,9,1,5,14,2.0536896433355425,0.5227315631545695,1,2.7448958673800172,34.749648898147115,5,1
185.0,0,4,3,8,7.579198903789816,0.720892766711622,2,1.7241131747414586,30.014834689035688,10,1
185.0,1,1,6,12,4.953199868716491,0.6712947592405822,6,2.232564414832591,26.055242233216223,8,1
185.0,2,9,4,12,6.2912210653086085,0.5401628681812608,0,2.3649936618441467,32.456713109164326,5,1
185.0,3,5,8,12,6.506073036530661,0.5729039217154621,1,2.534905965528522,30.818343451354473,3,0
185.0,4,10,8,8,2.0687156245825435,0.49681949351629323,6,2.5550576846309134,38.620633034897466,5,0
185.0,5,7,8,5,6.493341363912639,0.5795804631450032,2,2.2436120066179632,32.1761114962233,3,0
185.0,6,6,5,12,2.371082643205977,0.5447232628802933,4,2.2265587481260822,28.487265945073542,5,0
185.0,7,10,3,8,6.628172498327754,0.6415154634025388,2,2.192772031643824,25.395605190412105,8,1
185.0,8,5,4,3,3.711434734294807,0.6592524317341029,2,2.3750353636190646,26.178531794589226,2,0
185.0,9,2,6,7,3.2058541312894553,0.6440454345918915,4,2.2174087374684306,25.252342470119636,5,0
186.0,0,3,8,5,4.473238501486655,0.5114625766673138,4,2.888376650792979,34.78811906588537,4,1
186.0,1,10,5,13,4.920332353430262,0.3390484850057204,1,3.3675825651826976,34.76999971474722,5,1
186.0,2,8,6,4,6.895859993657925,0.3537720797502319,0,3.123240990192338,33.563035093129116,2,1
186.0,3,9,5,12,5.317959633645965,0.3210032222114717,7,3.224998787964934,31.762389641965417,3,0
186.0,4,6,8,13,6.877596094306332,0.34589805825379066,2,3.200726436266715,32.28983457074971,1,0
186.0,5,10,4,11,4.180350739278137,0.3768981968244246,4,3.06749952533607,31.85159924299216,2,1
186.0,6,9,2,7,3.5129155523528945,0.4028507229013759,1,2.650553541266357,27.7297698560997,4,1
186.0,7,1,4,8,7.758623086760729,0.48743022187979645,5,2.445692760637981,32.19677863478831,3,0
186.0,8,1,5,11,3.168421136017726,0.46954913221394523,6,2.6946196325182794,36.70508596284458,2,0
186.0,9,8,8,9,6.678444630725113,0.47115772178841026,5,3.396968349528443,33.689635528868976,1,1
187.0,0,9,3,7,6.536027790153576,0.6068539399340671,4,2.015214680065774,31.26225822558009,5,0
187.0,1,4,5,9,7.670214410501706,0.631065019304836,0,2.0925426450700813,22.00533591899491,8,1
187.0,2,7,2,14,2.584405456239619,0.6016606568711022,3,2.0529910195522763,32.972399024462284,2,0
187.0,3,5,2,4,6.24658018278106,0.717982738189765,2,1.8778182514997357,27.918197915729895,3,0
187.0,4,6,2,11,7.728015060876754,0.6827038725060974,4,2.2136380202416985,27.416412036916697,5,0
187.0,5,5,2,12,6.2667615292816645,0.6848148187964392,3,2.2402122302906022,25.54165752841706,5,0
187.0,6,10,3,14,7.935088636873463,0.6150525996494907,1,2.2617139446006775,32.84347680734883,3,1
187.0,7,2,2,3,2.5943337853818242,0.6738790696045442,1,1.9271894779196788,26.987225257832726,5,0
187.0,8,3,8,5,5.010951091662849,0.5963070674967097,2,1.99067768581125,27.44469067873255,4,1
187.0,9,1,8,14,2.0560289382296233,0.5031841582466869,2,2.288541393821182,34.75088258969382,1,0
188.0,0,5,6,2,7.417477012123508,0.6756424486170115,3,2.3792961615507795,31.045823041687086,10,1
188.0,1,7,3,4,7.075382821283764,0.6979001146686357,1,1.96306021670713,22.07899873996674,3,0
188.0,2,2,6,14,2.894892821472287,0.677873706022448,2,2.5678711543706467,27.436870682900466,12,1
188.0,3,5,8,4,7.721254617063506,0.7149654186111958,2,2.128614763216196,29.685168566355657,2,0
188.0,4,6,3,11,6.6917044245555735,0.5415576873601098,2,2.1029566098146026,24.970077666639025,7,0
188.0,5,7,5,7,2.4191445718213194,0.5870617288443093,4,2.2349567968363893,30.70731270398606,6,0
188.0,6,8,2,2,5.2438240796676805,0.6595162573636638,1,2.3856658994016264,28.82812107271797,4,0
188.0,7,4,8,5,5.8427614080827315,0.561601144846504,0,2.048738127449521,25.67451453706502,6,1
188.0,8,3,2,9,5.759172630871227,0.707367736521872,2,1.7164954441544698,29.941079114665296,11,1
188.0,9,8,3,13,6.756421965615415,0.564784642573384,4,2.3285855078092546,27.174579498007002,3,0
189.0,0,4,6,10,7.674615774072182,0.5265490529662672,3,2.351053291321682,23.523416743486624,7,1
189.0,1,9,6,9,4.406697233928754,0.5435624949109219,3,2.775579353766417,33.0900600002205,4,1
189.0,2,10,5,9,7.80304528576825,0.47706511120980805,4,2.1987089576736123,30.65202140682405,3,0
189.0,3,7,3,11,7.427620901264137,0.5942846499765134,6,2.4730637828746644,32.798104390971496,4,0
189.0,4,7,3,3,7.7165581821299245,0.6831882682506649,2,2.028928756835817,29.529454993635802,9,1
189.0,5,10,4,3,4.971750388104274,0.5345919430419074,4,2.5570612604558187,31.466090296642527,4,0
189.0,6,9,8,4,7.580689395670276,0.46551887322338287,2,2.677812690391077,32.68859957693624,6,1
189.0,7,2,4,9,5.567993153678719,0.5949245767393614,4,1.9057505746579664,26.131856765231017,6,1
189.0,8,1,5,12,3.0151491367557446,0.626524288818945,1,2.6010284176072624,24.98792627227555,5,1
189.0,9,10,5,8,5.120615855775488,0.578357634955868,3,2.6048019870875523,30.543568776707296,3,1
190.0,0,9,2,13,5.20787997056962,0.5033820770031534,1,2.1577502783918137,25.70729439953024,5,1
190.0,1,8,2,9,5.774807637985825,0.5614585538493492,0,2.6145050375862273,32.12378080024893,2,1
190.0,2,9,6,9,5.921816930502627,0.5109434629959997,2,2.92382840183483,35.993680475942824,4,1
190.0,3,6,5,7,4.696472175778679,0.5051333906758247,1,2.058856471179299,31.76405999668017,8,1
190.0,4,10,6,8,6.229055416837026,0.475493075006717,4,2.7499797403545125,27.849394713972586,4,0
190.0,5,3,5,10,6.623580795990404,0.5418967866413493,3,2.1205517852158935,30.99188783771255,2,0
190.0,6,2,5,6,2.9187239154859244,0.5904770427670042,3,2.095953953845674,29.227595895545658,4,0
190.0,7,10,3,5,4.9379036526077895,0.5325178038650331,3,2.485689362113138,32.07959153200133,6,1
190.0,8,7,2,11,6.552519077791308,0.5646874137147181,1,2.4836216163844953,26.585140752665623,6,1
190.0,9,2,4,13,2.4468648991342135,0.5183443984277858,2,2.523490587091064,26.6444240830998,8,1
191.0,0,1,5,3,3.7981671901136718,0.454073587809574,0,2.803405534288044,29.558989140881195,5,1
191.0,1,7,5,13,4.501577193221069,0.4534763995534122,6,3.231543490950519,34.25593372629399,1,0
191.0,2,2,3,12,2.130133141257736,0.48356073579105896,4,3.1635198507910323,30.67508554695832,0,0
191.0,3,1,4,12,3.9148444927531574,0.41327322247583265,2,3.0117824743262,33.72365614249472,3,0
191.0,4,3,8,12,4.996920640944336,0.39807427540257734,2,3.2043775729554373,31.11829237684741,2,1
191.0,5,6,2,5,6.397115799623297,0.5596603447429525,4,2.5602123040381746,29.04938422949965,1,0
191.0,6,3,3,10,5.610012724073662,0.4909753246935969,4,3.109007269789205,31.363028346617362,5,1
191.0,7,6,3,5,4.243810087383056,0.47147820871856355,1,2.860357960747661,34.34621738970338,5,1
191.0,8,9,3,5,7.746351658670626,0.4442236295618098,5,2.760144658752152,34.70693228196582,3,0
191.0,9,5,8,4,4.78453958534818,0.5389262991181077,4,3.1630700390634328,34.496306565817434,3,1
192.0,0,2,5,2,5.611270157360207,0.7866088561352158,3,1.7759044514304816,17.527177926896837,9,1
192.0,1,5,4,13,7.918862071629796,0.5977867814057001,3,1.6912441859572005,28.771175111398165,4,0
192.0,2,9,4,2,4.645871766977049,0.6955370245901075,4,2.1140235839841024,28.293570447746788,11,1
192.0,3,7,8,7,3.8665951208914864,0.6234003203627988,4,1.881170971646815,27.27426088873852,2,0
192.0,4,1,6,2,2.1728428267077198,0.6633073206762234,1,1.8354502388126392,32.828056465802106,6,0
192.0,5,5,5,8,7.403930893511303,0.7483096682008689,3,1.7466291956523372,29.4588946383768,4,0
192.0,6,10,5,13,6.204329403861157,0.698857294683825,2,2.455853718846563,33.5771507993763,2,0
192.0,7,10,8,14,2.6500400346256336,0.6260265596800777,0,2.5203146337605906,33.231879513228556,4,1
192.0,8,3,3,13,3.1643676086009886,0.6513052792350413,1,1.5882872573550237,28.468200334877395,7,1
192.0,9,8,6,13,3.720735557776102,0.6165608205724925,3,2.4136485260868037,35.20569134027923,6,0
193.0,0,8,4,12,7.112953960368705,0.4251721285573988,5,2.921172562482134,32.78869937916282,5,1
193.0,1,3,6,9,4.569970852403845,0.5215893105512426,2,3.1080982525064385,36.74319244870333,6,1
193.0,2,2,3,5,3.2471482540821346,0.5392529190375267,4,2.786515696851079,25.36307589106737,7,1
193.0,3,1,4,8,7.504003520877436,0.5209903662980045,4,2.4174220567456604,28.36233684104078,5,0
193.0,4,10,6,10,2.5719550880243345,0.41564905936686747,4,2.8451259501078323,37.012851367537856,1,1
193.0,5,5,6,5,4.191018702897538,0.47754995418229174,7,2.5873230191677243,26.32711714544312,2,0
193.0,6,5,4,12,7.508936500538835,0.42154931548855923,7,2.893916256052435,31.705407398405153,2,0
193.0,7,2,2,6,3.80569393193049,0.5888949578673387,2,2.424870752339146,26.40190071204479,5,1
193.0,8,4,5,10,3.8881691798200477,0.5569863911895584,3,2.5520183119272284,34.427432039687965,1,1
193.0,9,5,6,5,2.307184065131792,0.4057475361061421,4,2.790023689645747,32.101903595185306,3,0
194.0,0,5,3,7,4.891802957720552,0.6221918950359522,2,2.464640881124253,29.768413457344696,2,1
194.0,1,5,3,12,5.290532325031046,0.5488734580505641,1,2.1607867594517973,23.570611797585798,2,1
194.0,2,3,8,8,5.538723264743566,0.45810843950173674,5,2.5670928685150805,35.380418434470265,4,0
194.0,3,8,8,9,5.86103012673193,0.49812659166307693,4,2.8956626197266084,31.855935233001983,4,1
194.0,4,1,5,13,5.2808334452518055,0.511775767927417,2,2.5876978232484267,31.06754656223908,8,1
194.0,5,6,2,8,4.120092025196838,0.5486675684233708,3,2.7614198334886666,28.695194723678824,5,1
194.0,6,7,6,2,6.521875883595053,0.6031548014814085,6,2.550523932840122,30.99452375307917,3,1
194.0,7,2,5,7,7.035894486500575,0.524174507162876,3,2.68933663839885,30.43614372256705,4,0
194.0,8,4,8,10,7.6872372371880004,0.40415620963480353,4,2.755628599988325,35.807942976106695,3,0
194.0,9,3,2,8,7.47759342378459,0.5555519934135688,0,2.612603610064872,29.647351223537427,4,1
195.0,0,4,4,12,2.153045587722279,0.6744012621008946,5,2.0912374077978906,26.234614285976374,3,0
195.0,1,4,8,10,2.606792028079672,0.5466452817779628,6,2.410738496823891,30.302643741821246,6,0
195.0,2,1,5,8,6.912258278343852,0.7023193811050936,1,1.9038073483911186,27.14931001243032,7,1
195.0,3,9,5,8,3.983361262611643,0.525153815395126,7,2.202798475745698,32.56347776072156,3,0
195.0,4,4,4,5,5.461999554016016,0.7144121517141501,0,2.4365666781854918,23.12745494287497,6,1
195.0,5,2,2,9,4.091122666053924,0.6708100041872765,1,1.6020064979327513,20.38309497495733,5,0
195.0,6,5,5,7,7.4785326284714015,0.6026612452006197,2,2.572631439105339,31.242719107549995,5,0
195.0,7,1,2,12,6.189559179837239,0.8100825516778903,4,1.8993674996672671,21.017577672309212,9,1
195.0,8,7,2,6,2.5661594495638367,0.6830674119858912,3,1.9570655368649477,30.490847530456065,8,1
195.0,9,5,8,5,2.000874605643518,0.6727419295184385,1,2.1328548541840435,33.39966445675758,4,1
196.0,0,3,3,2,3.328562407161036,0.5299594062830778,5,2.4492038164315177,29.853923701292576,3,0
196.0,1,8,3,11,3.9688902572870406,0.4617501546568499,3,2.4132883289540925,28.645290816916397,0,0
196.0,2,10,5,5,7.798487031482029,0.4188142237052709,4,2.494781984610717,35.38777101352049,2,0
196.0,3,7,4,9,5.6765494450526806,0.5248478687425874,2,2.899640139081663,33.96933717188801,1,1
196.0,4,3,2,12,2.6905655834075746,0.5078055765171866,1,2.6403302882036512,31.1515008189769,5,1
196.0,5,1,8,4,4.51642049811179,0.5411631120149732,1,2.836081092514169,27.377068712372708,1,1
196.0,6,5,3,8,7.789768681393334,0.5768491465380821,4,2.4068812885965274,31.768280592413912,8,1
196.0,7,3,6,14,7.8911752992418185,0.5208029026799396,6,2.6275150637623192,30.335230284281582,2,1
196.0,8,6,8,13,5.145836167956503,0.45694014021123464,4,2.88296872139286,29.365319185935835,0,1
196.0,9,4,3,6,7.7487376673706265,0.5701453841599233,5,2.3445882293942226,24.675971772310728,3,0
197.0,0,4,4,7,6.507053562236315,0.6652285701429111,1,2.480428168133802,26.1641497353842,3,1
197.0,1,4,3,2,5.476317254601739,0.6166191815291303,2,1.7222169083128311,28.925490695516956,8,1
197.0,2,1,5,14,7.86400269730817,0.5909034555429201,4,2.3035855814330386,27.39288286617494,1,0
197.0,3,1,5,2,5.901816213963888,0.6535734099414223,3,2.0999322059146825,30.495883782334822,6,1
197.0,4,1,5,3,6.382524320483479,0.5959474265044356,2,1.9978172040038564,24.967925107076823,6,1
197.0,5,10,8,4,7.594123227297887,0.5059451624965662,3,2.861732077483679,33.67856492335772,2,0
197.0,6,5,2,13,4.079769412615142,0.48766785544014,2,2.7762735793445508,25.902587807885297,2,0
197.0,7,7,4,5,2.4464123463709444,0.5302252309025668,1,2.504662495728567,27.875419656401426,4,1
197.0,8,4,5,7,4.489752752526621,0.5110639584295125,4,2.3709330277704828,32.6304353599602,1,0
197.0,9,9,4,2,2.436671015264027,0.5428785872589346,4,2.590990572958933,29.776098177337193,1,0
198.0,0,8,4,8,2.796380848227239,0.44711990308405497,3,3.5225302737233624,31.83844332317001,3,1
198.0,1,4,8,4,2.029443755056896,0.40114101575478234,2,2.915999006155912,36.25071886798611,1,0
198.0,2,8,2,7,7.1760914761888674,0.45574373281065955,0,3.2260254365380274,34.8947156966283,1,1
198.0,3,1,6,14,7.462503845104764,0.4033836298348604,1,2.816908709198613,31.841836265397326,4,1
198.0,4,3,8,6,5.2713793158163345,0.4623574313521474,2,2.7910381217657183,29.685383898457513,6,1
198.0,5,6,5,3,7.833359587828735,0.4757885074852525,3,2.7198417008933533,26.017305785064025,4,1
198.0,6,5,3,11,4.250282807061756,0.37457515156862753,0,2.8363642287278816,27.935485578983652,5,1
198.0,7,5,4,3,6.198040462398035,0.49619245197439454,3,2.583819540159273,25.75022095031801,3,1
198.0,8,8,2,9,2.730439311562,0.4736846653269715,3,2.9372080094222284,34.51460403027689,3,1
198.0,9,4,6,14,4.649257192698343,0.3890035849084768,3,3.0381998665646397,29.003485920799143,1,0
199.0,0,1,4,10,3.7122660879061877,0.6626381777906181,2,2.4390771870187526,27.74515334215796,9,1
199.0,1,4,5,9,3.376870749499208,0.6351197066014042,5,2.2025583697073436,30.66890036031454,5,1
199.0,2,4,6,3,6.350802270999722,0.5996357933104766,3,2.3532362748095217,25.6697577579915,7,1
199.0,3,9,8,13,6.126255516256614,0.4100413287220824,3,2.824064871923724,33.94967424162715,4,0
199.0,4,1,3,14,6.554447080385664,0.6621116317857366,3,2.1460649651322514,25.936096776181525,6,1
199.0,5,10,6,3,6.891757223335257,0.5742514886537058,3,2.3877415004127056,30.674249363530585,4,1
199.0,6,3,2,5,5.011169418602021,0.6208740394329277,0,1.8884174017328614,24.238876012071067,6,1
199.0,7,5,2,10,6.1743381813089515,0.6397239310486426,1,2.226945501718255,28.50924659959808,10,1
199.0,8,6,8,14,6.524852170183937,0.48182941759020687,5,2.521827576401486,30.79082173464258,1,0
199.0,9,5,5,12,4.3974361922894225,0.6058269328520028,3,2.105029991012187,33.920079295482694,6,1
